file_extension,file_size_kb,filename,file_type,entropy,complexity,creation_randomness,contains_cheat,contains_keygen,contains_virus,contains_suspicious,has_random_chars,is_hidden,has_multiple_extensions,is_malicious
.txt,52,document_0_txt.txt,document,5.852142919229749,0.49279757672456204,0.21877665784513325,False,False,False,False,False,False,False,0
.txt,61,document_1_txt.txt,document,4.7905504738394615,0.3783331011414365,0.6677571018798422,False,False,False,False,False,False,False,0
.txt,87,document_2_txt.txt,document,3.1742508365045983,0.546470458309974,0.372555292832595,False,False,False,False,False,False,False,0
.txt,24,document_3_txt.txt,document,4.952665418846559,0.2225646316108401,0.5479493589141109,False,False,False,False,False,False,False,0
.txt,88,document_4_txt.txt,document,5.497327922401265,0.28493564427131046,0.8405437559345219,False,False,False,False,False,False,False,0
.txt,64,document_5_txt.txt,document,5.976634677873653,0.44699260385108663,0.5603605675225722,False,False,False,False,False,False,False,0
.txt,58,document_6_txt.txt,document,4.574269294896713,0.3727780074568463,0.6003550227017692,False,False,False,False,False,False,False,0
.txt,49,document_7_txt.txt,document,4.574323980775167,0.3599443886861022,0.65662715056666,False,False,False,False,False,False,False,0
.txt,92,document_8_txt.txt,document,5.921266556524378,0.2931085361721217,0.48097145896781995,False,False,False,False,False,False,False,0
.txt,62,document_9_txt.txt,document,5.355527884179041,0.2798695128633439,0.02564578126817386,False,False,False,False,False,False,False,0
.txt,55,document_10_txt.txt,document,5.949692657420364,0.38670515729919197,0.4961704979692397,False,False,False,False,False,False,False,0
.txt,51,document_11_txt.txt,document,5.040922615763339,0.3801997007878172,0.5516698613364438,False,False,False,False,False,False,False,0
.txt,18,document_12_txt.txt,document,5.84665661176,0.5862528132298237,0.5512517120049035,False,False,False,False,False,False,False,0
.txt,9,document_13_txt.txt,document,3.0478987566606426,0.2923575302488596,0.4589551634443392,False,False,False,False,False,False,False,0
.txt,92,document_14_txt.txt,document,4.320457481218804,0.24881529393791155,0.8349738335126436,False,False,False,False,False,False,False,0
.txt,8,document_15_txt.txt,document,3.103165563345655,0.5637281608315128,0.7561527514200543,False,False,False,False,False,False,False,0
.txt,36,document_16_txt.txt,document,3.546708263364187,0.502144564127061,0.5183681901002147,False,False,False,False,False,False,False,0
.txt,6,document_17_txt.txt,document,3.6238249886045666,0.4270801311279966,0.4799141889122185,False,False,False,False,False,False,False,0
.txt,93,document_18_txt.txt,document,5.9087538832936755,0.5100531293444458,0.6065565344351832,False,False,False,False,False,False,False,0
.txt,34,document_19_txt.txt,document,4.185450708005443,0.5706635463175176,0.42860391069038206,False,False,False,False,False,False,False,0
.txt,95,document_20_txt.txt,document,5.765622705069351,0.2353970008207678,0.38002294032219547,False,False,False,False,False,False,False,0
.txt,87,document_21_txt.txt,document,4.562502780077471,0.5844688097397397,0.3685126885240823,False,False,False,False,False,False,False,0
.txt,85,document_22_txt.txt,document,4.166031869068446,0.3085396127095584,0.29789098615252246,False,False,False,False,False,False,False,0
.txt,53,document_23_txt.txt,document,4.760253496991544,0.5861021229056551,0.6800606902082137,False,False,False,False,False,False,False,0
.txt,60,document_24_txt.txt,document,4.628088249474745,0.25636968998990506,0.45365877092962975,False,False,False,False,False,False,False,0
.pdf,64,document_0_pdf.pdf,document,3.4958008171890076,0.20625456269647757,0.6466291853752485,False,False,False,False,False,False,False,0
.pdf,570,document_1_pdf.pdf,document,5.3167343078899725,0.279486272613669,0.5890025454130473,False,False,False,False,False,False,False,0
.pdf,1545,document_2_pdf.pdf,document,3.0422394681452536,0.27953696163552205,0.5179800051100528,False,False,False,False,False,False,False,0
.pdf,441,document_3_pdf.pdf,document,5.187021504122962,0.5085081386743783,0.7836950144052084,False,False,False,False,False,False,False,0
.pdf,1846,document_4_pdf.pdf,document,5.778902635540047,0.46043081020077775,0.28426553334897076,False,False,False,False,False,False,False,0
.pdf,1101,document_5_pdf.pdf,document,5.5893102776267805,0.4493192507310232,0.8486253370169988,False,False,False,False,False,False,False,0
.pdf,979,document_6_pdf.pdf,document,3.286230349471234,0.3483273008793065,0.43642661740196337,False,False,False,False,False,False,False,0
.pdf,1647,document_7_pdf.pdf,document,3.975549966080241,0.49184247133522563,0.6098487909539182,False,False,False,False,False,False,False,0
.pdf,1945,document_8_pdf.pdf,document,3.8241653789701924,0.4244973703390804,0.7989048955917654,False,False,False,False,False,False,False,0
.pdf,1812,document_9_pdf.pdf,document,3.358782737814905,0.485297914889198,0.3723521559889378,False,False,False,False,False,False,False,0
.pdf,1842,document_10_pdf.pdf,document,5.1651885634946195,0.2943939678995823,0.6416686506356184,False,False,False,False,False,False,False,0
.pdf,447,document_11_pdf.pdf,document,4.481386789093172,0.4090931317527976,0.7872634836052798,False,False,False,False,False,False,False,0
.pdf,1088,document_12_pdf.pdf,document,3.332672462435494,0.37573460074630805,0.4119651501575338,False,False,False,False,False,False,False,0
.pdf,1764,document_13_pdf.pdf,document,3.094287557060203,0.4545641645055121,0.7893401232539436,False,False,False,False,False,False,False,0
.pdf,613,document_14_pdf.pdf,document,4.689826715929151,0.478206434570451,0.5521442776179634,False,False,False,False,False,False,False,0
.pdf,534,document_15_pdf.pdf,document,3.7478766874466247,0.3641531692142519,0.8825395491665038,False,False,False,False,False,False,False,0
.pdf,1244,document_16_pdf.pdf,document,3.609183674204308,0.5771414282231924,0.5905559310841907,False,False,False,False,False,False,False,0
.pdf,1912,document_17_pdf.pdf,document,3.869254358741304,0.26448851490160175,0.6617658421642152,False,False,False,False,False,False,False,0
.pdf,627,document_18_pdf.pdf,document,4.87306214440138,0.3182534743350856,0.2914366851682876,False,False,False,False,False,False,False,0
.pdf,1062,document_19_pdf.pdf,document,5.614381770563153,0.5214688307596458,0.8347874008747335,False,False,False,False,False,False,False,0
.pdf,1629,document_20_pdf.pdf,document,4.249529843611098,0.5533121035675472,0.41622737734796905,False,False,False,False,False,False,False,0
.pdf,1713,document_21_pdf.pdf,document,5.422320465492188,0.5584365199693972,0.45450834515353894,False,False,False,False,False,False,False,0
.pdf,1304,document_22_pdf.pdf,document,5.720485324637262,0.3088528997538541,0.5938244935313038,False,False,False,False,False,False,False,0
.pdf,1356,document_23_pdf.pdf,document,4.2813233658787695,0.5272059063689972,0.44983440771793265,False,False,False,False,False,False,False,0
.pdf,1818,document_24_pdf.pdf,document,3.914343774474087,0.26586234125717667,0.5836779560563015,False,False,False,False,False,False,False,0
.jpg,420,document_0_jpg.jpg,media,4.252233009446337,0.2888431241882921,0.4018297202931784,False,False,False,False,False,False,False,0
.jpg,316,document_1_jpg.jpg,media,3.8082370013955646,0.29765020889910965,0.5846683595944182,False,False,False,False,False,False,False,0
.jpg,324,document_2_jpg.jpg,media,3.969608796062266,0.40751624869734643,0.3161119988817615,False,False,False,False,False,False,False,0
.jpg,242,document_3_jpg.jpg,media,4.211508513174122,0.22595689884359263,0.4808148724568755,False,False,False,False,False,False,False,0
.jpg,451,document_4_jpg.jpg,media,5.887341884826334,0.3007129183301457,0.49025757995842567,False,False,False,False,False,False,False,0
.jpg,395,document_5_jpg.jpg,media,5.136811769773326,0.25923477198135997,0.1946349809982154,False,False,False,False,False,False,False,0
.jpg,449,document_6_jpg.jpg,media,3.1106608420635986,0.44382573359195876,0.4953572279644218,False,False,False,False,False,False,False,0
.jpg,139,document_7_jpg.jpg,media,4.233111039954694,0.21322029316021937,0.40949653480198295,False,False,False,False,False,False,False,0
.jpg,233,document_8_jpg.jpg,media,5.724797657899961,0.29582475626678895,0.23791905243514547,False,False,False,False,False,False,False,0
.jpg,139,document_9_jpg.jpg,media,4.592803749951409,0.37911326582923666,0.24860173393103047,False,False,False,False,False,False,False,0
.jpg,207,document_10_jpg.jpg,media,3.726165814534501,0.4688542189623514,0.531284097059035,False,False,False,False,False,False,False,0
.jpg,212,document_11_jpg.jpg,media,4.108963368184213,0.29686397531097036,0.6337012594962005,False,False,False,False,False,False,False,0
.jpg,303,document_12_jpg.jpg,media,4.10334939815776,0.4529223322374318,0.5253378473353485,False,False,False,False,False,False,False,0
.jpg,207,document_13_jpg.jpg,media,4.196473327333659,0.5265727492877535,0.21830535906012205,False,False,False,False,False,False,False,0
.jpg,153,document_14_jpg.jpg,media,5.505907486767714,0.32831202598869436,0.39160798395935786,False,False,False,False,False,False,False,0
.jpg,335,document_15_jpg.jpg,media,5.087438420372646,0.5433435219254878,0.579392836628477,False,False,False,False,False,False,False,0
.jpg,261,document_16_jpg.jpg,media,5.032693085526847,0.20663513157114247,0.47130230709711585,False,False,False,False,False,False,False,0
.jpg,460,document_17_jpg.jpg,media,5.4285031384191464,0.3394663949166917,0.5246398655630663,False,False,False,False,False,False,False,0
.jpg,208,document_18_jpg.jpg,media,3.523099287014974,0.47637509524098637,0.5617797203152074,False,False,False,False,False,False,False,0
.jpg,137,document_19_jpg.jpg,media,4.5532540515824405,0.5350840423629312,0.36431450778956415,False,False,False,False,False,False,False,0
.jpg,276,document_20_jpg.jpg,media,4.023199053150775,0.24538940849623564,0.48687193033795245,False,False,False,False,False,False,False,0
.jpg,160,document_21_jpg.jpg,media,4.624343921482698,0.47831375973803286,0.5014405812876284,False,False,False,False,False,False,False,0
.jpg,272,document_22_jpg.jpg,media,4.979952138102537,0.5268888800804863,0.7006892298143178,False,False,False,False,False,False,False,0
.jpg,69,document_23_jpg.jpg,media,3.782487524491227,0.5985014799031697,0.4526741217910803,False,False,False,False,False,False,False,0
.jpg,263,document_24_jpg.jpg,media,5.69164727385998,0.5601672228653322,0.21249855061214584,False,False,False,False,False,False,False,0
.png,18,document_0_png.png,media,3.8366140577765457,0.4801431319891085,0.43234947296535037,False,False,False,False,False,False,False,0
.png,217,document_1_png.png,media,5.691330779857731,0.5548345697060468,0.2291876958924071,False,False,False,False,False,False,False,0
.png,129,document_2_png.png,media,5.663310296282879,0.5403713795070051,0.48690267500338985,False,False,False,False,False,False,False,0
.png,634,document_3_png.png,media,3.484886142283841,0.5594216754108317,0.4359688802256771,False,False,False,False,False,False,False,0
.png,263,document_4_png.png,media,3.027591154849889,0.24058861714641286,0.6571654692860814,False,False,False,False,False,False,False,0
.png,108,document_5_png.png,media,5.920991510265952,0.31356838989498625,0.6128797619122585,False,False,False,False,False,False,False,0
.png,347,document_6_png.png,media,4.456841260758679,0.3793696571944989,0.36225888019638347,False,False,False,False,False,False,False,0
.png,690,document_7_png.png,media,3.5277757580320364,0.20723014544620835,0.250098534420824,False,False,False,False,False,False,False,0
.png,407,document_8_png.png,media,3.976199094477803,0.49859656204720965,0.486582589024853,False,False,False,False,False,False,False,0
.png,401,document_9_png.png,media,5.547670231482534,0.4630451569201373,0.2224846540910734,False,False,False,False,False,False,False,0
.png,42,document_10_png.png,media,4.627620691664697,0.40352563073550396,0.5998350261710566,False,False,False,False,False,False,False,0
.png,479,document_11_png.png,media,3.7956071030451763,0.2975958573516334,0.2656713456966335,False,False,False,False,False,False,False,0
.png,47,document_12_png.png,media,5.936678574825027,0.394696861183782,0.5842689658493658,False,False,False,False,False,False,False,0
.png,785,document_13_png.png,media,4.893415877991789,0.5179245214166593,0.3667683596770888,False,False,False,False,False,False,False,0
.png,618,document_14_png.png,media,4.730711653879077,0.39700707752754555,0.5214963507079361,False,False,False,False,False,False,False,0
.png,462,document_15_png.png,media,3.690555804724666,0.3996773519539009,0.502778365184951,False,False,False,False,False,False,False,0
.png,525,document_16_png.png,media,3.0729478992943617,0.4581889183628671,0.6340121725954785,False,False,False,False,False,False,False,0
.png,26,document_17_png.png,media,5.983651532392023,0.3879778055963772,0.5868685921158069,False,False,False,False,False,False,False,0
.png,55,document_18_png.png,media,5.744593170661346,0.34806348010217775,0.34341509781704754,False,False,False,False,False,False,False,0
.png,754,document_19_png.png,media,5.85921554107186,0.33230012186820546,0.7095778183014282,False,False,False,False,False,False,False,0
.png,311,document_20_png.png,media,5.899964457131009,0.5854479908357011,0.2525326838593581,False,False,False,False,False,False,False,0
.png,125,document_21_png.png,media,3.883346676208757,0.3540390914407701,0.6927797646757567,False,False,False,False,False,False,False,0
.png,170,document_22_png.png,media,3.950766015468833,0.267797098674437,0.4377680302093883,False,False,False,False,False,False,False,0
.png,744,document_23_png.png,media,5.532639422178934,0.5720067339243327,0.15172679152987592,False,False,False,False,False,False,False,0
.png,695,document_24_png.png,media,3.2915294813123057,0.4460028906796679,0.7570398948125131,False,False,False,False,False,False,False,0
.mp3,3001,document_0_mp3.mp3,media,4.075940343888492,0.3016654596278955,0.1137358226455258,False,False,False,False,False,False,False,0
.mp3,2637,document_1_mp3.mp3,media,5.632119215783867,0.4963074471016818,0.3038414940980028,False,False,False,False,False,False,False,0
.mp3,4441,document_2_mp3.mp3,media,4.0784734536592655,0.31743673770579733,0.6210810280199978,False,False,False,False,False,False,False,0
.mp3,2906,document_3_mp3.mp3,media,4.25934256933883,0.30248277743778323,0.3490265819200919,False,False,False,False,False,False,False,0
.mp3,2555,document_4_mp3.mp3,media,5.7397216576694134,0.4045369595443751,0.21616365953860503,False,False,False,False,False,False,False,0
.mp3,4231,document_5_mp3.mp3,media,5.3948855369003255,0.45998557231110604,0.4190393388999012,False,False,False,False,False,False,False,0
.mp3,4595,document_6_mp3.mp3,media,3.1523055931181907,0.5546468595802639,0.2967646986334099,False,False,False,False,False,False,False,0
.mp3,1266,document_7_mp3.mp3,media,4.126748857919832,0.23759277593634762,0.6187002386526451,False,False,False,False,False,False,False,0
.mp3,2874,document_8_mp3.mp3,media,5.016078405885598,0.33126106698989277,0.4162023722692168,False,False,False,False,False,False,False,0
.mp3,3869,document_9_mp3.mp3,media,4.62793390412273,0.31461650085131376,0.5215883323650505,False,False,False,False,False,False,False,0
.mp3,1815,document_10_mp3.mp3,media,3.1165042032882697,0.32130620586928915,0.13243397554558392,False,False,False,False,False,False,False,0
.mp3,2591,document_11_mp3.mp3,media,3.9799537253881225,0.5311476015150354,0.6988548184007666,False,False,False,False,False,False,False,0
.mp3,3151,document_12_mp3.mp3,media,5.895755491172309,0.3829060646454914,0.08596083353604318,False,False,False,False,False,False,False,0
.mp3,4969,document_13_mp3.mp3,media,3.155045163505823,0.4125418526272592,0.5433420007684894,False,False,False,False,False,False,False,0
.mp3,4242,document_14_mp3.mp3,media,5.098536632301581,0.2553412369671205,0.7238279115314398,False,False,False,False,False,False,False,0
.mp3,4464,document_15_mp3.mp3,media,5.9086106013424775,0.4858380416719808,0.5932161370883124,False,False,False,False,False,False,False,0
.mp3,1782,document_16_mp3.mp3,media,5.385558584306111,0.3083329005048297,0.5601915612739625,False,False,False,False,False,False,False,0
.mp3,3775,document_17_mp3.mp3,media,5.232127928997346,0.3003442109386645,0.4001643785216605,False,False,False,False,False,False,False,0
.mp3,216,document_18_mp3.mp3,media,3.242618899851593,0.3713257899760431,0.7476588794559746,False,False,False,False,False,False,False,0
.mp3,2031,document_19_mp3.mp3,media,4.22685883324281,0.2693177280283383,0.3901756256247895,False,False,False,False,False,False,False,0
.mp3,612,document_20_mp3.mp3,media,4.327056689193313,0.2959149436629613,0.36128701821697035,False,False,False,False,False,False,False,0
.mp3,659,document_21_mp3.mp3,media,3.548597991321922,0.5738455989358839,0.8397251325619672,False,False,False,False,False,False,False,0
.mp3,3443,document_22_mp3.mp3,media,4.5500887722797,0.4628445314000667,0.5718590421742643,False,False,False,False,False,False,False,0
.mp3,680,document_23_mp3.mp3,media,4.835162238703057,0.36784002497111595,0.6250164459763963,False,False,False,False,False,False,False,0
.mp3,3247,document_24_mp3.mp3,media,4.698111631482229,0.26345857905699643,0.41103398780466144,False,False,False,False,False,False,False,0
.mp4,8253,document_0_mp4.mp4,media,3.0431804658892676,0.2464290562027665,0.5287703343601475,False,False,False,False,False,False,False,0
.mp4,45078,document_1_mp4.mp4,media,3.1221864069569105,0.5421842336044029,0.5219315524033361,False,False,False,False,False,False,False,0
.mp4,30124,document_2_mp4.mp4,media,4.422521487261975,0.2391336642604006,0.8725549199177651,False,False,False,False,False,False,False,0
.mp4,36247,document_3_mp4.mp4,media,5.420738931152338,0.33852172843576034,0.300486048031771,False,False,False,False,False,False,False,0
.mp4,38220,document_4_mp4.mp4,media,4.19551420319212,0.4463400392208866,0.34092495019191843,False,False,False,False,False,False,False,0
.mp4,33580,document_5_mp4.mp4,media,5.660041161894142,0.30435744933668557,0.5071848360591155,False,False,False,False,False,False,False,0
.mp4,24289,document_6_mp4.mp4,media,5.800308924238449,0.4004159535661037,0.8433191032794537,False,False,False,False,False,False,False,0
.mp4,42975,document_7_mp4.mp4,media,4.976080894856835,0.2651737708325719,0.4509518973280024,False,False,False,False,False,False,False,0
.mp4,39646,document_8_mp4.mp4,media,5.832754791375502,0.5468795734220016,0.15397065934644516,False,False,False,False,False,False,False,0
.mp4,23687,document_9_mp4.mp4,media,5.820690724274873,0.43018967115035156,0.7279385403020102,False,False,False,False,False,False,False,0
.mp4,7833,document_10_mp4.mp4,media,4.7201011250158,0.2514001412935641,0.8025098943899248,False,False,False,False,False,False,False,0
.mp4,6052,document_11_mp4.mp4,media,4.636850367947805,0.5765859235106101,0.6254380427096305,False,False,False,False,False,False,False,0
.mp4,41770,document_12_mp4.mp4,media,5.461280531313804,0.4605939087431152,0.19449632201086717,False,False,False,False,False,False,False,0
.mp4,18450,document_13_mp4.mp4,media,3.5873734043678893,0.2277445203500662,0.5696469551448812,False,False,False,False,False,False,False,0
.mp4,39494,document_14_mp4.mp4,media,4.131777249683927,0.21558525292409347,0.33681558453929467,False,False,False,False,False,False,False,0
.mp4,35850,document_15_mp4.mp4,media,4.00966264466618,0.4622890541522969,0.7183351327090257,False,False,False,False,False,False,False,0
.mp4,24132,document_16_mp4.mp4,media,5.534625932908364,0.20930877429433037,0.4740531799467163,False,False,False,False,False,False,False,0
.mp4,1417,document_17_mp4.mp4,media,3.7820835847077094,0.39841498171736245,0.597943677825142,False,False,False,False,False,False,False,0
.mp4,18209,document_18_mp4.mp4,media,5.0902114960924525,0.4515771387119536,0.3409265515486108,False,False,False,False,False,False,False,0
.mp4,1412,document_19_mp4.mp4,media,3.1175589800269385,0.3671784126862315,0.0756337713629787,False,False,False,False,False,False,False,0
.mp4,24548,document_20_mp4.mp4,media,3.8461037177139197,0.27097581751188915,0.4672089461748851,False,False,False,False,False,False,False,0
.mp4,19888,document_21_mp4.mp4,media,4.705560851249875,0.4303698301032338,0.7969584147686914,False,False,False,False,False,False,False,0
.mp4,18506,document_22_mp4.mp4,media,4.237853030734279,0.34880723431711325,0.6796758815722108,False,False,False,False,False,False,False,0
.mp4,35911,document_23_mp4.mp4,media,4.022410620759054,0.5723029302414259,0.6007188590067023,False,False,False,False,False,False,False,0
.mp4,45811,document_24_mp4.mp4,media,4.286982082125055,0.500348427116599,0.7638135373432098,False,False,False,False,False,False,False,0
.doc,266,document_0_doc.doc,document,3.7147084572119384,0.35109155447051793,0.45139917878708813,False,False,False,False,False,False,False,0
.doc,930,document_1_doc.doc,document,4.515757117343572,0.5305829864430966,0.3105530304978585,False,False,False,False,False,False,False,0
.doc,391,document_2_doc.doc,document,3.892905523527933,0.23999395486474537,0.7208553845244414,False,False,False,False,False,False,False,0
.doc,661,document_3_doc.doc,document,3.032512954440895,0.5621527905677055,0.5170128914285826,False,False,False,False,False,False,False,0
.doc,125,document_4_doc.doc,document,4.064715571388161,0.5827203540505825,0.3017771021105815,False,False,False,False,False,False,False,0
.doc,784,document_5_doc.doc,document,5.851821440812668,0.42937515524931447,0.6311723394008127,False,False,False,False,False,False,False,0
.doc,416,document_6_doc.doc,document,3.249853233585779,0.23668165890339243,0.6494098632482954,False,False,False,False,False,False,False,0
.doc,445,document_7_doc.doc,document,3.9859936361097477,0.46900738243081536,0.46277089860976095,False,False,False,False,False,False,False,0
.doc,533,document_8_doc.doc,document,5.838583628645071,0.5125184201884809,0.3778271274302664,False,False,False,False,False,False,False,0
.doc,88,document_9_doc.doc,document,3.2736183091460713,0.3977681218810326,0.4045637260106884,False,False,False,False,False,False,False,0
.doc,984,document_10_doc.doc,document,5.987793726090987,0.22234846187094004,0.46271274974146076,False,False,False,False,False,False,False,0
.doc,212,document_11_doc.doc,document,5.663112548274899,0.3403660050208315,0.2957715010360024,False,False,False,False,False,False,False,0
.doc,707,document_12_doc.doc,document,5.905955831922405,0.4752120040700156,0.537488064130087,False,False,False,False,False,False,False,0
.doc,541,document_13_doc.doc,document,5.600606115932524,0.535392305505594,0.7742216570831877,False,False,False,False,False,False,False,0
.doc,223,document_14_doc.doc,document,5.10290739437736,0.22910520254567743,0.5522426543153925,False,False,False,False,False,False,False,0
.doc,995,document_15_doc.doc,document,5.6756907263303304,0.2586419286768102,0.7271666693516572,False,False,False,False,False,False,False,0
.doc,78,document_16_doc.doc,document,3.2545131422555755,0.5946558314004702,0.6540771274132254,False,False,False,False,False,False,False,0
.doc,545,document_17_doc.doc,document,5.589415565967012,0.5521439874553666,0.4656270519824948,False,False,False,False,False,False,False,0
.doc,706,document_18_doc.doc,document,5.841745732151576,0.5944004255291484,0.7366220911310907,False,False,False,False,False,False,False,0
.doc,181,document_19_doc.doc,document,4.05065474010094,0.4832724782332799,0.4858238417081549,False,False,False,False,False,False,False,0
.doc,836,document_20_doc.doc,document,5.3314407477823105,0.42336169989432204,0.28891243130481015,False,False,False,False,False,False,False,0
.doc,140,document_21_doc.doc,document,3.746172463290864,0.3321010116076394,0.27350236638338427,False,False,False,False,False,False,False,0
.doc,175,document_22_doc.doc,document,4.477875312872578,0.20454145790696765,0.5043247430934584,False,False,False,False,False,False,False,0
.doc,269,document_23_doc.doc,document,4.714419075615032,0.4963895443642673,0.57190492197798,False,False,False,False,False,False,False,0
.doc,505,document_24_doc.doc,document,3.3525787403313148,0.4596841208464254,0.42408261325672175,False,False,False,False,False,False,False,0
.xls,20,document_0_xls.xls,other,5.043118281290727,0.29500258851698796,0.14818842424195122,False,False,False,False,False,False,False,0
.xls,210,document_1_xls.xls,other,4.433144672640683,0.2331565286773417,0.5104407564708195,False,False,False,False,False,False,False,0
.xls,436,document_2_xls.xls,other,3.670787515558358,0.5852890157762445,0.7303694891652155,False,False,False,False,False,False,False,0
.xls,63,document_3_xls.xls,other,5.933702006262813,0.4224020154570338,0.5443018326360645,False,False,False,False,False,False,False,0
.xls,322,document_4_xls.xls,other,5.673429341094213,0.4110804436345199,0.7364059385763501,False,False,False,False,False,False,False,0
.xls,222,document_5_xls.xls,other,5.757347145835978,0.30119606719569647,0.4528994334704215,False,False,False,False,False,False,False,0
.xls,166,document_6_xls.xls,other,5.907907606857297,0.4092391376680595,0.6391276272005431,False,False,False,False,False,False,False,0
.xls,252,document_7_xls.xls,other,3.6504273197594737,0.31779757873577197,0.5639529112782805,False,False,False,False,False,False,False,0
.xls,20,document_8_xls.xls,other,4.88267424025219,0.4337257247692401,0.7138438123145895,False,False,False,False,False,False,False,0
.xls,163,document_9_xls.xls,other,5.2113021175290575,0.5661017366676425,0.7457044307462457,False,False,False,False,False,False,False,0
.xls,349,document_10_xls.xls,other,5.851234452229676,0.5561055135563665,0.44373377104941997,False,False,False,False,False,False,False,0
.xls,479,document_11_xls.xls,other,3.3202681978076534,0.3342640259187853,0.43342878678030927,False,False,False,False,False,False,False,0
.xls,141,document_12_xls.xls,other,3.564363479171284,0.38547936197599286,0.6889631489566658,False,False,False,False,False,False,False,0
.xls,205,document_13_xls.xls,other,3.688184237114849,0.3063751699856956,0.7205287005103909,False,False,False,False,False,False,False,0
.xls,376,document_14_xls.xls,other,5.923184422998499,0.5944842977918412,0.5662849949658785,False,False,False,False,False,False,False,0
.xls,466,document_15_xls.xls,other,4.608289099032361,0.3238110465145311,0.24511192453403652,False,False,False,False,False,False,False,0
.xls,231,document_16_xls.xls,other,4.8083456460698955,0.30838305700605195,0.6412321292515334,False,False,False,False,False,False,False,0
.xls,416,document_17_xls.xls,other,5.732781553481527,0.5290148971692676,0.15570748692625294,False,False,False,False,False,False,False,0
.xls,101,document_18_xls.xls,other,4.2499171732154375,0.43246504847233047,0.5744274496883759,False,False,False,False,False,False,False,0
.xls,428,document_19_xls.xls,other,4.254729108871857,0.5730913933416053,0.7342243857091422,False,False,False,False,False,False,False,0
.xls,261,document_20_xls.xls,other,4.65476361763221,0.26593370445480036,0.5136104748422201,False,False,False,False,False,False,False,0
.xls,308,document_21_xls.xls,other,5.332806851205676,0.39214803274654186,0.47251709388708907,False,False,False,False,False,False,False,0
.xls,258,document_22_xls.xls,other,3.4512506733105845,0.43765228614085405,0.5354670041818544,False,False,False,False,False,False,False,0
.xls,82,document_23_xls.xls,other,4.1789683469365775,0.5316656882826057,0.32903209778841097,False,False,False,False,False,False,False,0
.xls,196,document_24_xls.xls,other,5.514986114133413,0.3874772639179881,0.7207480674633121,False,False,False,False,False,False,False,0
.csv,99,document_0_csv.csv,other,3.4015563564018994,0.20546878593079893,0.3160307171351328,False,False,False,False,False,False,False,0
.csv,55,document_1_csv.csv,other,5.594167128765159,0.525160403652031,0.20249844460945188,False,False,False,False,False,False,False,0
.csv,95,document_2_csv.csv,other,5.249732248409916,0.5652663009030572,0.5337863860883603,False,False,False,False,False,False,False,0
.csv,23,document_3_csv.csv,other,5.3069622455415315,0.5779062919529712,0.637541112290266,False,False,False,False,False,False,False,0
.csv,74,document_4_csv.csv,other,4.1335516478273595,0.2964339329318527,0.23751978395781548,False,False,False,False,False,False,False,0
.csv,73,document_5_csv.csv,other,3.387478245454485,0.5816204109034889,0.3374861591203264,False,False,False,False,False,False,False,0
.csv,77,document_6_csv.csv,other,3.621682947024169,0.5512882669916769,0.41935402358497975,False,False,False,False,False,False,False,0
.csv,32,document_7_csv.csv,other,3.14068940337366,0.30746899281012297,0.6682006448242334,False,False,False,False,False,False,False,0
.csv,39,document_8_csv.csv,other,5.014719586778399,0.40812308036151734,0.7642679888826001,False,False,False,False,False,False,False,0
.csv,3,document_9_csv.csv,other,4.560490503335981,0.540872600127416,0.42626942232455084,False,False,False,False,False,False,False,0
.csv,54,document_10_csv.csv,other,5.903921296319469,0.23536328934625864,0.19221915289977534,False,False,False,False,False,False,False,0
.csv,57,document_11_csv.csv,other,4.769867691412909,0.39201838680739004,0.30139017864355516,False,False,False,False,False,False,False,0
.csv,23,document_12_csv.csv,other,5.265411767020857,0.4481238205413859,0.3612240133929812,False,False,False,False,False,False,False,0
.csv,66,document_13_csv.csv,other,5.415134002558085,0.5612604234706504,0.5517887927949308,False,False,False,False,False,False,False,0
.csv,64,document_14_csv.csv,other,3.0436339970036457,0.3402350235226388,0.9184904874099612,False,False,False,False,False,False,False,0
.csv,98,document_15_csv.csv,other,4.909932964866847,0.4219262434168902,0.7240158492616793,False,False,False,False,False,False,False,0
.csv,51,document_16_csv.csv,other,5.712476083481246,0.3393021868093201,0.3268143913094293,False,False,False,False,False,False,False,0
.csv,38,document_17_csv.csv,other,4.352731342248314,0.5641885113613092,0.3195877506123796,False,False,False,False,False,False,False,0
.csv,30,document_18_csv.csv,other,4.86626010068362,0.544945483498698,0.3921186028533295,False,False,False,False,False,False,False,0
.csv,5,document_19_csv.csv,other,5.389415327021632,0.38373872317846897,0.4705445483043218,False,False,False,False,False,False,False,0
.csv,17,document_20_csv.csv,other,4.476348879238614,0.30329775531958336,0.625579708593214,False,False,False,False,False,False,False,0
.csv,88,document_21_csv.csv,other,3.137583799213899,0.4483222737688365,0.5117373516733722,False,False,False,False,False,False,False,0
.csv,66,document_22_csv.csv,other,3.9862548308625247,0.4533603417266903,0.445705650909038,False,False,False,False,False,False,False,0
.csv,75,document_23_csv.csv,other,3.227589984325992,0.2515518887642597,0.3179018498071953,False,False,False,False,False,False,False,0
.csv,55,document_24_csv.csv,other,4.754298317847461,0.36012019556411257,0.5607603808610785,False,False,False,False,False,False,False,0
.json,16,document_0_json.json,config,4.922624234409644,0.27275203375965795,0.5379029807847889,False,False,False,False,False,False,False,0
.json,25,document_1_json.json,config,5.690365229718036,0.3895846561051489,0.364896714696238,False,False,False,False,False,False,False,0
.json,29,document_2_json.json,config,5.919331047810313,0.4407741582163841,0.4955858443815165,False,False,False,False,False,False,False,0
.json,19,document_3_json.json,config,5.465371910533348,0.3380330511289547,0.5095883645060576,False,False,False,False,False,False,False,0
.json,42,document_4_json.json,config,3.5310314528302404,0.23548101350282225,0.619173095029299,False,False,False,False,False,False,False,0
.json,1,document_5_json.json,config,4.603270511197569,0.34239659370879444,0.7156326682162897,False,False,False,False,False,False,False,0
.json,46,document_6_json.json,config,4.092809583144226,0.4013669083419428,0.2247048860901569,False,False,False,False,False,False,False,0
.json,45,document_7_json.json,config,3.964748294040087,0.23691623449149846,0.503752187630104,False,False,False,False,False,False,False,0
.json,47,document_8_json.json,config,4.883701168472723,0.23270361277954876,0.5675472759571639,False,False,False,False,False,False,False,0
.json,30,document_9_json.json,config,3.470933048148581,0.350914386096829,0.16487872894695185,False,False,False,False,False,False,False,0
.json,17,document_10_json.json,config,3.830632944441611,0.5224805119172244,0.6562145143723176,False,False,False,False,False,False,False,0
.json,49,document_11_json.json,config,4.7918342467662915,0.594502798346726,0.7125916323173653,False,False,False,False,False,False,False,0
.json,47,document_12_json.json,config,4.111416308374146,0.3938091940764085,0.7085472872238997,False,False,False,False,False,False,False,0
.json,26,document_13_json.json,config,5.279866226812757,0.4125063015894136,0.4506089164579608,False,False,False,False,False,False,False,0
.json,2,document_14_json.json,config,5.24241281440127,0.21467328115623918,0.4677776951898151,False,False,False,False,False,False,False,0
.json,7,document_15_json.json,config,5.061496516209994,0.5377762690534515,0.2763629014327038,False,False,False,False,False,False,False,0
.json,43,document_16_json.json,config,4.596340455795946,0.24286880453591042,0.26499837274563837,False,False,False,False,False,False,False,0
.json,38,document_17_json.json,config,4.59785179936507,0.2969882014538919,0.5648592385501703,False,False,False,False,False,False,False,0
.json,25,document_18_json.json,config,5.212215618281457,0.2729135513903832,0.49331280813794365,False,False,False,False,False,False,False,0
.json,39,document_19_json.json,config,3.966237496749535,0.28457920279861787,0.41586134335855557,False,False,False,False,False,False,False,0
.json,26,document_20_json.json,config,4.60600669204657,0.2932865646199205,0.4635636626090516,False,False,False,False,False,False,False,0
.json,13,document_21_json.json,config,4.780777360662146,0.4716409276577958,0.4988965231188562,False,False,False,False,False,False,False,0
.json,3,document_22_json.json,config,4.946468520874728,0.3918328407017001,0.5166647784202695,False,False,False,False,False,False,False,0
.json,36,document_23_json.json,config,4.611319625455643,0.43473644720835164,0.3917994672035527,False,False,False,False,False,False,False,0
.json,8,document_24_json.json,config,4.759606303982277,0.42578341700905653,0.46532708138483975,False,False,False,False,False,False,False,0
.py,42,document_0_py.py,script,3.8513277173961735,0.34523291855945404,0.40854793958183944,False,False,False,False,False,False,False,0
.py,26,document_1_py.py,script,4.822665666880718,0.29774126218586183,0.2403696461052317,False,False,False,False,False,False,False,0
.py,59,document_2_py.py,script,5.959545746378939,0.44230992774275485,0.43726389227184653,False,False,False,False,False,False,False,0
.py,33,document_3_py.py,script,3.0226030894022244,0.29013311908501127,0.40809258058853043,False,False,False,False,False,False,False,0
.py,70,document_4_py.py,script,3.7378731851535245,0.26427254930382227,0.49081555755436573,False,False,False,False,False,False,False,0
.py,75,document_5_py.py,script,3.2636628736204316,0.5223459546964573,0.44545989891608095,False,False,False,False,False,False,False,0
.py,152,document_6_py.py,script,5.690296273879276,0.2320934982646569,0.432187306188581,False,False,False,False,False,False,False,0
.py,31,document_7_py.py,script,4.231190480968984,0.5929514467634425,0.5119473671331055,False,False,False,False,False,False,False,0
.py,6,document_8_py.py,script,4.193566797137224,0.5877881733101475,0.6050757311597931,False,False,False,False,False,False,False,0
.py,4,document_9_py.py,script,3.0159000191928165,0.5900268651780569,0.3188371329549299,False,False,False,False,False,False,False,0
.py,94,document_10_py.py,script,3.5126627621701974,0.4674572879697724,0.8460209960806061,False,False,False,False,False,False,False,0
.py,185,document_11_py.py,script,5.155371812509661,0.4140146928179642,0.43668963101300057,False,False,False,False,False,False,False,0
.py,26,document_12_py.py,script,3.8399372809808527,0.5077971732767748,0.7117611907097187,False,False,False,False,False,False,False,0
.py,70,document_13_py.py,script,5.903982199512702,0.4843809915346993,0.6895766141899147,False,False,False,False,False,False,False,0
.py,20,document_14_py.py,script,3.727229197245241,0.24593472989568144,0.6172740989282702,False,False,False,False,False,False,False,0
.py,90,document_15_py.py,script,5.303338504328517,0.23491607183587018,0.3092467025695471,False,False,False,False,False,False,False,0
.py,126,document_16_py.py,script,3.463088145822607,0.39245604074192697,0.2227843790184322,False,False,False,False,False,False,False,0
.py,3,document_17_py.py,script,3.1554706104672805,0.33464171127756825,0.2234701000803898,False,False,False,False,False,False,False,0
.py,10,document_18_py.py,script,4.645809353814459,0.41956879195559094,0.22383537631521636,False,False,False,False,False,False,False,0
.py,130,document_19_py.py,script,3.967061534924169,0.5239497783418539,0.4889927771111064,False,False,False,False,False,False,False,0
.py,65,document_20_py.py,script,3.4164743203260612,0.20108435976573188,0.6578580751796905,False,False,False,False,False,False,False,0
.py,9,document_21_py.py,script,4.786916221823533,0.38863047542006335,0.17373271948142543,False,False,False,False,False,False,False,0
.py,163,document_22_py.py,script,4.046604799628986,0.5718116576991303,0.5008915979068106,False,False,False,False,False,False,False,0
.py,62,document_23_py.py,script,5.237923576646154,0.36340731717436675,0.48376904389969727,False,False,False,False,False,False,False,0
.py,117,document_24_py.py,script,5.192602425610932,0.5753361827284151,0.5517971456351466,False,False,False,False,False,False,False,0
.html,76,document_0_html.html,web,4.137685754891401,0.5705797694358845,0.8107817141635548,False,False,False,False,False,False,False,0
.html,64,document_1_html.html,web,4.723419339539736,0.5367315107033088,0.5978999904501148,False,False,False,False,False,False,False,0
.html,72,document_2_html.html,web,5.483822661532476,0.5002007699061254,0.5807320514689679,False,False,False,False,False,False,False,0
.html,60,document_3_html.html,web,3.4909678285971135,0.2657063191723972,0.4300372355667073,False,False,False,False,False,False,False,0
.html,5,document_4_html.html,web,3.7070752381949994,0.4535034254880709,0.3920158203846649,False,False,False,False,False,False,False,0
.html,62,document_5_html.html,web,4.076491452370508,0.5508802163252433,0.23833319895869476,False,False,False,False,False,False,False,0
.html,89,document_6_html.html,web,5.048946190251398,0.38077944051961565,0.3281792635220399,False,False,False,False,False,False,False,0
.html,14,document_7_html.html,web,5.69900233587652,0.449640617672735,0.7970107521701535,False,False,False,False,False,False,False,0
.html,97,document_8_html.html,web,5.242828140528753,0.40108815603699166,0.39219557748134665,False,False,False,False,False,False,False,0
.html,25,document_9_html.html,web,4.0660873554551875,0.35659284408060077,0.15569534015115435,False,False,False,False,False,False,False,0
.html,66,document_10_html.html,web,4.630658583341965,0.5625888443858187,0.5801172417793298,False,False,False,False,False,False,False,0
.html,51,document_11_html.html,web,4.6285479318402265,0.372611257254577,0.28987596829144135,False,False,False,False,False,False,False,0
.html,67,document_12_html.html,web,4.883124159214254,0.33396224586283446,0.8262573755264309,False,False,False,False,False,False,False,0
.html,64,document_13_html.html,web,3.5001922799801495,0.5514516461493753,0.6874721875144666,False,False,False,False,False,False,False,0
.html,33,document_14_html.html,web,4.600383275928964,0.557557033220383,0.4610782588061178,False,False,False,False,False,False,False,0
.html,36,document_15_html.html,web,5.99307784777153,0.500961248015529,0.42144415491108456,False,False,False,False,False,False,False,0
.html,27,document_16_html.html,web,5.231838877718031,0.21341297389431177,0.35810816436896825,False,False,False,False,False,False,False,0
.html,86,document_17_html.html,web,5.1421922466708425,0.39759259485234505,0.3303001408896791,False,False,False,False,False,False,False,0
.html,74,document_18_html.html,web,4.026245246147722,0.5285029218688051,0.524061706176527,False,False,False,False,False,False,False,0
.html,31,document_19_html.html,web,4.136464696670747,0.3828000877126713,0.648699685702514,False,False,False,False,False,False,False,0
.html,52,document_20_html.html,web,4.191861871681102,0.5189181463118214,0.4312447312223258,False,False,False,False,False,False,False,0
.html,5,document_21_html.html,web,4.459072445986823,0.3635820708341973,0.35867753015798853,False,False,False,False,False,False,False,0
.html,45,document_22_html.html,web,5.160109609638223,0.4564590531541189,0.7206075218351078,False,False,False,False,False,False,False,0
.html,36,document_23_html.html,web,4.628173330042788,0.3007196235627811,0.34939277469338803,False,False,False,False,False,False,False,0
.html,69,document_24_html.html,web,5.480396483427235,0.583629917825611,0.6583915938429975,False,False,False,False,False,False,False,0
.css,40,document_0_css.css,web,4.750175384298362,0.36034056670545594,0.2817397935825238,False,False,False,False,False,False,False,0
.css,47,document_1_css.css,web,3.8637888494271784,0.4459801052610618,0.6581729979030236,False,False,False,False,False,False,False,0
.css,26,document_2_css.css,web,4.758689496050392,0.40235547155378637,0.781110910057835,False,False,False,False,False,False,False,0
.css,25,document_3_css.css,web,3.7680465955609868,0.4904382344249603,0.7389789141634472,False,False,False,False,False,False,False,0
.css,43,document_4_css.css,web,5.7963548474508375,0.42605327343568355,0.44279490853990966,False,False,False,False,False,False,False,0
.css,4,document_5_css.css,web,5.37025391137226,0.20920904191505502,0.4627635780328611,False,False,False,False,False,False,False,0
.css,42,document_6_css.css,web,5.3137400055592146,0.3497741478881688,0.42367777360373426,False,False,False,False,False,False,False,0
.css,9,document_7_css.css,web,4.272392013907158,0.4945776942498891,0.40578841489312795,False,False,False,False,False,False,False,0
.css,40,document_8_css.css,web,5.521318895941269,0.5642744793022851,0.3484583056789415,False,False,False,False,False,False,False,0
.css,1,document_9_css.css,web,3.339714137522266,0.5939364795849338,0.9209282514352569,False,False,False,False,False,False,False,0
.css,46,document_10_css.css,web,3.5589626384823623,0.5349963156009968,0.2665129201277399,False,False,False,False,False,False,False,0
.css,1,document_11_css.css,web,5.609689086186385,0.40753522285042887,0.4118353261078991,False,False,False,False,False,False,False,0
.css,40,document_12_css.css,web,4.823683181382776,0.3517222793542195,0.19272529252076512,False,False,False,False,False,False,False,0
.css,9,document_13_css.css,web,3.6167394251269123,0.5151159554857969,0.5487229313298648,False,False,False,False,False,False,False,0
.css,26,document_14_css.css,web,4.000497515073432,0.3592674774363773,0.5244505098840329,False,False,False,False,False,False,False,0
.css,25,document_15_css.css,web,5.5905544218388705,0.5691840927193939,0.7668070273039116,False,False,False,False,False,False,False,0
.css,7,document_16_css.css,web,4.0408596056886825,0.49500049924389933,0.5115385456754197,False,False,False,False,False,False,False,0
.css,17,document_17_css.css,web,4.7612046724097015,0.21313866809737536,0.5566585586552972,False,False,False,False,False,False,False,0
.css,24,document_18_css.css,web,4.732895862274642,0.26620532697118954,0.21550886662952748,False,False,False,False,False,False,False,0
.css,24,document_19_css.css,web,3.9344195133982724,0.5121982830184351,0.39628614030250925,False,False,False,False,False,False,False,0
.css,43,document_20_css.css,web,4.896792863758591,0.20523778263533346,0.49986619471227706,False,False,False,False,False,False,False,0
.css,21,document_21_css.css,web,4.545521047220438,0.5902165262731025,0.27441026881504316,False,False,False,False,False,False,False,0
.css,41,document_22_css.css,web,3.445988183259339,0.3658496494908095,0.7235967002054617,False,False,False,False,False,False,False,0
.css,28,document_23_css.css,web,4.605209156800976,0.27378514856754244,0.5041162143264947,False,False,False,False,False,False,False,0
.css,7,document_24_css.css,web,4.786155051960131,0.226830590955371,0.46789072047161767,False,False,False,False,False,False,False,0
.js,179,document_0_js.js,script,3.629716779286757,0.5592217157762855,0.6060319296646614,False,False,False,False,False,False,False,0
.js,32,document_1_js.js,script,4.4046954853241385,0.4499903948204209,0.43677104226576297,False,False,False,False,False,False,False,0
.js,30,document_2_js.js,script,5.5096944398769985,0.43498144169362973,0.6573625154227675,False,False,False,False,False,False,False,0
.js,1,document_3_js.js,script,5.326582850085032,0.381315533899211,0.2101321804737055,False,False,False,False,False,False,False,0
.js,194,document_4_js.js,script,4.603367673771741,0.39243517935503436,0.18831891263391864,False,False,False,False,False,False,False,0
.js,166,document_5_js.js,script,5.2960688431987215,0.24119259173252622,0.2837552008265222,False,False,False,False,False,False,False,0
.js,8,document_6_js.js,script,5.585356863040552,0.578446184853453,0.23057949112337997,False,False,False,False,False,False,False,0
.js,32,document_7_js.js,script,3.816905564160898,0.5589721639275537,0.588072322719096,False,False,False,False,False,False,False,0
.js,162,document_8_js.js,script,4.2262025132942895,0.21015454226413796,0.45823961881804226,False,False,False,False,False,False,False,0
.js,32,document_9_js.js,script,5.147916686542192,0.4635695767640605,0.46429982369709255,False,False,False,False,False,False,False,0
.js,65,document_10_js.js,script,4.655167785778019,0.30155542561732174,0.1745787928982029,False,False,False,False,False,False,False,0
.js,187,document_11_js.js,script,4.516523637318102,0.43801959188016826,0.619531772168853,False,False,False,False,False,False,False,0
.js,67,document_12_js.js,script,5.662381447540509,0.42268863391334643,0.5188424458548287,False,False,False,False,False,False,False,0
.js,8,document_13_js.js,script,3.2983241782780355,0.2972688763997816,0.6809103571909128,False,False,False,False,False,False,False,0
.js,78,document_14_js.js,script,4.809592206530938,0.5227400595850344,0.4952341737146954,False,False,False,False,False,False,False,0
.js,144,document_15_js.js,script,4.191550588855364,0.46723405462825846,0.4518730037682284,False,False,False,False,False,False,False,0
.js,142,document_16_js.js,script,3.87944319078304,0.5585343274084479,0.42453747394723385,False,False,False,False,False,False,False,0
.js,7,document_17_js.js,script,4.899722324732881,0.49436184527840094,0.5813372839824743,False,False,False,False,False,False,False,0
.js,85,document_18_js.js,script,3.0795966116214593,0.27257417403591894,0.2215098574307928,False,False,False,False,False,False,False,0
.js,36,document_19_js.js,script,4.92877669084276,0.4815784540554038,0.7367567053998321,False,False,False,False,False,False,False,0
.js,129,document_20_js.js,script,5.452330685215323,0.3367269406791504,0.6003413045774735,False,False,False,False,False,False,False,0
.js,130,document_21_js.js,script,4.089177636585271,0.21369124432821165,0.6781255339152005,False,False,False,False,False,False,False,0
.js,20,document_22_js.js,script,4.872446723547402,0.36376466087649617,0.4624027493398979,False,False,False,False,False,False,False,0
.js,137,document_23_js.js,script,4.30837958740595,0.3177863038167671,0.5432318960083026,False,False,False,False,False,False,False,0
.js,86,document_24_js.js,script,5.339276324364093,0.24569517036815874,0.5347243423553428,False,False,False,False,False,False,False,0
.exe,2779,virus_trojan_0.exe,executable,7.789104453788183,0.9399565767841945,0.1977103845387039,False,False,True,False,False,False,False,1
.exe,2868,keygen_crack_1.exe,executable,6.044938616640235,0.7806032078154838,0.2321885237502502,True,True,False,False,False,False,False,1
.exe,2699,keygen_crack_2.exe,executable,7.2669564396522945,0.7773663056299607,0.42891647594423565,True,True,False,False,False,False,False,1
.exe,5977,virus_trojan_3.exe,executable,6.843407869106564,0.739682863337599,0.7905715975003709,False,False,True,False,False,False,False,1
.exe,9096,virus_trojan_4.exe,executable,7.645167751823347,0.8588985035965243,0.6051169557140113,False,False,True,False,False,False,False,1
.exe,5575,free_cheats_5.exe,executable,6.548110441374412,0.866253400754738,0.287286172704788,True,False,False,True,False,False,False,1
.exe,7241,keygen_crack_6.exe,executable,7.440405163264591,0.7319736190386023,0.5961090550399883,True,True,False,False,False,False,False,1
.exe,441,malware_7.exe,executable,6.527367605269233,0.7799495180112647,0.22654975116538803,False,False,True,False,False,False,False,1
.exe,4363,keygen_crack_8.exe,executable,7.201033720867307,0.8995110023638766,0.6474670063235911,True,True,False,False,False,False,False,1
.exe,8746,keygen_crack_9.exe,executable,7.82882389184992,0.825631157467622,0.1657999350946384,True,True,False,False,False,False,False,1
.exe,7743,keygen_crack_10.exe,executable,6.844072119101375,0.8061614129683748,0.47938138330948504,True,True,False,False,False,False,False,1
.exe,6041,virus_trojan_11.exe,executable,6.368741841357926,0.7271010881732823,0.722479220817843,False,False,True,False,False,False,False,1
.exe,5590,keygen_crack_12.exe,executable,6.136499410708183,0.9511236972109087,0.5415880301717025,True,True,False,False,False,False,False,1
.exe,7779,hack_tool_13.exe,executable,7.4380918103684905,0.7891365146869525,0.669273118716669,True,False,False,False,False,False,False,1
.exe,9542,keygen_crack_14.exe,executable,6.793298746104108,0.9862260809618899,0.41752151677697324,True,True,False,False,False,False,False,1
.exe,6312,free_cheats_15.exe,executable,6.53982244478439,0.861952833672458,0.4170566486577101,True,False,False,True,False,False,False,1
.exe,1862,hack_tool_16.exe,executable,6.1028516269685005,0.8489098741603709,0.5074830353816864,True,False,False,False,False,False,False,1
.exe,6222,keygen_crack_17.exe,executable,7.246665101809981,0.8422711926101109,0.23222306788132982,True,True,False,False,False,False,False,1
.exe,2220,free_cheats_18.exe,executable,6.703080322268438,0.8238380651820256,0.17697480704307242,True,False,False,True,False,False,False,1
.exe,160,virus_trojan_19.exe,executable,7.196572116536309,0.8379044538283393,0.795613700867599,False,False,True,False,False,False,False,1
.bat,35,virus_trojan_0.bat,executable,6.155530688157914,0.7007018171877334,0.6381929021553625,False,False,True,False,False,False,False,1
.bat,30,keygen_crack_1.bat,executable,6.20618749202749,0.7943789670428232,0.7923316000598684,True,True,False,False,False,False,False,1
.bat,49,malware_2.bat,executable,7.580027117583712,0.9071680697336921,0.5174702981166704,False,False,True,False,False,False,False,1
.bat,49,hack_tool_3.bat,executable,7.083801894756716,0.9618837507629225,0.43906043276264833,True,False,False,False,False,False,False,1
.bat,8,malware_4.bat,executable,7.5180716910777,0.9172309987819416,0.5650368786381021,False,False,True,False,False,False,False,1
.bat,16,free_cheats_5.bat,executable,7.80672762527205,0.893999475735149,0.6743189115446673,True,False,False,True,False,False,False,1
.bat,26,free_cheats_6.bat,executable,7.8881186793732265,0.7118280434105517,0.5776641878966368,True,False,False,True,False,False,False,1
.bat,10,free_cheats_7.bat,executable,6.361150690254667,0.8703835691657889,0.7032099951020007,True,False,False,True,False,False,False,1
.bat,7,malware_8.bat,executable,7.462047342916563,0.7577797083356891,0.3156931591402232,False,False,True,False,False,False,False,1
.bat,8,keygen_crack_9.bat,executable,6.843525319461025,0.9386025513877292,0.48441646497436636,True,True,False,False,False,False,False,1
.bat,31,hack_tool_10.bat,executable,7.689098797070141,0.7957301419729766,0.5723175585800356,True,False,False,False,False,False,False,1
.bat,42,free_cheats_11.bat,executable,7.300334700886456,0.8094091748371918,0.15123729346271123,True,False,False,True,False,False,False,1
.bat,44,hack_tool_12.bat,executable,6.962123767688173,0.9654995069569843,0.617914575286668,True,False,False,False,False,False,False,1
.bat,43,keygen_crack_13.bat,executable,7.449533543057523,0.7196069022396827,0.32958759085711975,True,True,False,False,False,False,False,1
.bat,15,free_cheats_14.bat,executable,7.076802980761575,0.8984965525241624,0.4475994249056616,True,False,False,True,False,False,False,1
.bat,13,keygen_crack_15.bat,executable,7.040336219757464,0.8280451169964593,0.3352448112499125,True,True,False,False,False,False,False,1
.bat,44,keygen_crack_16.bat,executable,6.048801563113076,0.961029662170279,0.4911760984595774,True,True,False,False,False,False,False,1
.bat,30,virus_trojan_17.bat,executable,7.749403345368399,0.8586811402081636,0.37889107718222803,False,False,True,False,False,False,False,1
.bat,32,virus_trojan_18.bat,executable,6.140059411494942,0.7028456300885494,0.7243500659923016,False,False,True,False,False,False,False,1
.bat,29,free_cheats_19.bat,executable,6.803861827218484,0.8439626860911726,0.29441716068198504,True,False,False,True,False,False,False,1
.vbs,57,hack_tool_0.vbs,script,7.96816693839859,0.9304820241593554,0.5668787744050291,True,False,False,False,False,False,False,1
.vbs,25,hack_tool_1.vbs,script,7.475164603177783,0.7716331437304906,0.7492270614718805,True,False,False,False,False,False,False,1
.vbs,3,malware_2.vbs,script,6.709244315281553,0.7861716974962245,0.22026963051554327,False,False,True,False,False,False,False,1
.vbs,68,keygen_crack_3.vbs,script,6.46721550209982,0.7126279568909085,0.6980742188585415,True,True,False,False,False,False,False,1
.vbs,65,malware_4.vbs,script,7.975444779472063,0.8283319401207587,0.5769788559050891,False,False,True,False,False,False,False,1
.vbs,49,free_cheats_5.vbs,script,7.35929456538614,0.7654761663595192,0.7002405291124356,True,False,False,True,False,False,False,1
.vbs,37,malware_6.vbs,script,6.517965303203628,0.8765662686919736,0.4219520368602942,False,False,True,False,False,False,False,1
.vbs,39,virus_trojan_7.vbs,script,7.807447934350541,0.9967554729440077,0.42830087358660823,False,False,True,False,False,False,False,1
.vbs,71,hack_tool_8.vbs,script,6.129972818965788,0.8204740709276462,0.7368244483803167,True,False,False,False,False,False,False,1
.vbs,93,malware_9.vbs,script,7.661285035501249,0.7361016286104988,0.6901232438386682,False,False,True,False,False,False,False,1
.vbs,98,free_cheats_10.vbs,script,6.440972418140351,0.7559314786432764,0.7052146434391472,True,False,False,True,False,False,False,1
.vbs,3,malware_11.vbs,script,6.115685353126793,0.9907307890422434,0.2829540433030218,False,False,True,False,False,False,False,1
.vbs,49,free_cheats_12.vbs,script,7.855504566390426,0.9984723467939306,0.3980256739314729,True,False,False,True,False,False,False,1
.vbs,61,virus_trojan_13.vbs,script,6.792484037805318,0.9274715427112274,0.2657886950657374,False,False,True,False,False,False,False,1
.vbs,62,free_cheats_14.vbs,script,6.30779181267971,0.9447499374971853,0.5489419449160763,True,False,False,True,False,False,False,1
.vbs,13,malware_15.vbs,script,7.073948845786827,0.8778819804525109,0.6077475392120534,False,False,True,False,False,False,False,1
.vbs,14,malware_16.vbs,script,6.18297367479551,0.9632382587891142,0.3572945921657864,False,False,True,False,False,False,False,1
.vbs,67,virus_trojan_17.vbs,script,6.259029842565608,0.9666244239606931,0.5421501006601345,False,False,True,False,False,False,False,1
.vbs,25,keygen_crack_18.vbs,script,7.724255234530901,0.9428548224174634,0.7141065792069042,True,True,False,False,False,False,False,1
.vbs,40,free_cheats_19.vbs,script,7.101714741218279,0.726096027973423,0.5620910252644862,True,False,False,True,False,False,False,1
.scr,1083,hack_tool_0.scr,other,6.745377034024628,0.7779261351280978,0.0819273649868522,True,False,False,False,False,False,False,1
.scr,4072,keygen_crack_1.scr,other,7.065205038801524,0.988636591777615,0.43834493904899174,True,True,False,False,False,False,False,1
.scr,1811,malware_2.scr,other,7.788959861936135,0.9974426005435144,0.4374018777530431,False,False,True,False,False,False,False,1
.scr,3211,malware_3.scr,other,6.961173154653296,0.8777223353978553,0.3306749545835414,False,False,True,False,False,False,False,1
.scr,2845,virus_trojan_4.scr,other,6.695618415804386,0.9034048457677191,0.9164688939133673,False,False,True,False,False,False,False,1
.scr,4030,malware_5.scr,other,6.534056540338843,0.9635889959065473,0.5877020596224218,False,False,True,False,False,False,False,1
.scr,2483,hack_tool_6.scr,other,7.701163458188484,0.9601882602879407,0.4120418107878421,True,False,False,False,False,False,False,1
.scr,1804,malware_7.scr,other,7.674026656727344,0.9092414385007851,0.2399986970292287,False,False,True,False,False,False,False,1
.scr,4551,virus_trojan_8.scr,other,7.505433279115282,0.7475815315879221,0.4388123612440851,False,False,True,False,False,False,False,1
.scr,656,keygen_crack_9.scr,other,6.930940017539967,0.9637214440684395,0.4482798798991349,True,True,False,False,False,False,False,1
.scr,4621,keygen_crack_10.scr,other,7.6398938348162,0.768587548457477,0.7063317409541795,True,True,False,False,False,False,False,1
.scr,1674,keygen_crack_11.scr,other,7.635934048238124,0.9496402533873226,0.16965270891064269,True,True,False,False,False,False,False,1
.scr,2112,hack_tool_12.scr,other,6.012771743433667,0.7861114399524738,0.3710985327259056,True,False,False,False,False,False,False,1
.scr,3217,virus_trojan_13.scr,other,7.962372356054847,0.8895440581050005,0.45541010825014955,False,False,True,False,False,False,False,1
.scr,4895,malware_14.scr,other,7.559690790302287,0.7320941916480875,0.46257521195658335,False,False,True,False,False,False,False,1
.scr,3626,keygen_crack_15.scr,other,6.864481567785025,0.9520364508223655,0.5386673941257328,True,True,False,False,False,False,False,1
.scr,1535,hack_tool_16.scr,other,6.358994646847667,0.9261096502151558,0.4906928861709729,True,False,False,False,False,False,False,1
.scr,377,hack_tool_17.scr,other,6.347506950615133,0.931256232562297,0.7031967388602659,True,False,False,False,False,False,False,1
.scr,4926,free_cheats_18.scr,other,7.5419685850642715,0.9125716013807887,0.5211782195259035,True,False,False,True,False,False,False,1
.scr,985,free_cheats_19.scr,other,6.115840921117597,0.7224083253273562,0.5179005806188256,True,False,False,True,False,False,False,1
.ps1,50,malware_0.ps1,script,6.8919166140206425,0.8942720930205723,0.38032567137285955,False,False,True,False,False,False,False,1
.ps1,180,malware_1.ps1,script,6.767224520811244,0.7196878433722038,0.8333393627830513,False,False,True,False,False,False,False,1
.ps1,33,virus_trojan_2.ps1,script,6.505017499376764,0.70030884395369,0.37116550059124037,False,False,True,False,False,False,False,1
.ps1,174,keygen_crack_3.ps1,script,7.994249000315422,0.8278543906707918,0.47274413567988294,True,True,False,False,False,False,False,1
.ps1,141,free_cheats_4.ps1,script,6.327247642383338,0.9384428646249788,0.5644461396357584,True,False,False,True,False,False,False,1
.ps1,157,virus_trojan_5.ps1,script,6.441539225577521,0.7247143136847528,0.5478842796671616,False,False,True,False,False,False,False,1
.ps1,84,virus_trojan_6.ps1,script,6.546519053996419,0.985259068675123,0.6978999301599539,False,False,True,False,False,False,False,1
.ps1,184,hack_tool_7.ps1,script,7.462540133947371,0.9728573532843455,0.2993699328594683,True,False,False,False,False,False,False,1
.ps1,101,virus_trojan_8.ps1,script,7.929040944540417,0.9280282235314291,0.5080725684311497,False,False,True,False,False,False,False,1
.ps1,197,virus_trojan_9.ps1,script,6.623903980990261,0.7962228221314382,0.7604835760371177,False,False,True,False,False,False,False,1
.ps1,166,keygen_crack_10.ps1,script,6.426209408050166,0.7093402248653534,0.668955092942436,True,True,False,False,False,False,False,1
.ps1,25,hack_tool_11.ps1,script,7.125500572686765,0.8414597380307538,0.7741175365163601,True,False,False,False,False,False,False,1
.ps1,27,hack_tool_12.ps1,script,6.3710510314062425,0.9605869503866833,0.7431096560771318,True,False,False,False,False,False,False,1
.ps1,53,virus_trojan_13.ps1,script,7.689566456233775,0.9283071972828997,0.48761187977892756,False,False,True,False,False,False,False,1
.ps1,131,malware_14.ps1,script,6.262489755364776,0.7097578538473756,0.8378794512948229,False,False,True,False,False,False,False,1
.ps1,60,keygen_crack_15.ps1,script,7.2333006290414765,0.9389611872928529,0.3027365673320303,True,True,False,False,False,False,False,1
.ps1,153,free_cheats_16.ps1,script,7.214612896525343,0.7742619866810125,0.37929197702092626,True,False,False,True,False,False,False,1
.ps1,9,free_cheats_17.ps1,script,6.32165093815638,0.8954558400406794,0.3321333696392788,True,False,False,True,False,False,False,1
.ps1,117,keygen_crack_18.ps1,script,7.595118201274376,0.793108587677072,0.3535062772850716,True,True,False,False,False,False,False,1
.ps1,72,malware_19.ps1,script,6.144893775589118,0.8177480669220054,0.3338387922035178,False,False,True,False,False,False,False,1
.cmd,46,virus_trojan_0.cmd,executable,7.389963772253085,0.9580367191567614,0.458354334658186,False,False,True,False,False,False,False,1
.cmd,38,free_cheats_1.cmd,executable,6.079237650696714,0.8441520841773487,0.6701818913370122,True,False,False,True,False,False,False,1
.cmd,24,free_cheats_2.cmd,executable,6.484090031725055,0.9959987779801439,0.34619800043150745,True,False,False,True,False,False,False,1
.cmd,32,hack_tool_3.cmd,executable,7.4049299410882075,0.8678946050460742,0.38703336535698263,True,False,False,False,False,False,False,1
.cmd,32,keygen_crack_4.cmd,executable,6.6529226164879836,0.8553134930154134,0.3533138541031026,True,True,False,False,False,False,False,1
.cmd,33,free_cheats_5.cmd,executable,6.701253862418362,0.7099609326374099,0.20706817786351672,True,False,False,True,False,False,False,1
.cmd,26,keygen_crack_6.cmd,executable,7.954932772629571,0.7602577269586882,0.7631509167217433,True,True,False,False,False,False,False,1
.cmd,15,keygen_crack_7.cmd,executable,6.082366990558543,0.9011156375063236,0.6870015762833449,True,True,False,False,False,False,False,1
.cmd,40,virus_trojan_8.cmd,executable,6.248439933456119,0.9688663908055115,0.6135950966530385,False,False,True,False,False,False,False,1
.cmd,9,free_cheats_9.cmd,executable,6.103942567302945,0.8623889005903211,0.36338887951976334,True,False,False,True,False,False,False,1
.cmd,12,keygen_crack_10.cmd,executable,7.250609320427896,0.9350268177824844,0.5362583864377205,True,True,False,False,False,False,False,1
.cmd,47,virus_trojan_11.cmd,executable,6.968796895148081,0.8982460354897752,0.64685358499418,False,False,True,False,False,False,False,1
.cmd,16,hack_tool_12.cmd,executable,7.19495172526386,0.9351497660256586,0.6446432189547804,True,False,False,False,False,False,False,1
.cmd,3,free_cheats_13.cmd,executable,6.327998961978994,0.8315821649468615,0.40863582990549663,True,False,False,True,False,False,False,1
.cmd,18,hack_tool_14.cmd,executable,6.494206468020293,0.7478634040339565,0.503410255231653,True,False,False,False,False,False,False,1
.cmd,45,virus_trojan_15.cmd,executable,6.438427974716088,0.9927595767457393,0.4375027066017454,False,False,True,False,False,False,False,1
.cmd,36,malware_16.cmd,executable,6.364235831377399,0.9369095521427437,0.5383518450049131,False,False,True,False,False,False,False,1
.cmd,32,virus_trojan_17.cmd,executable,6.323345088293605,0.7062583417874614,0.5757912375177461,False,False,True,False,False,False,False,1
.cmd,19,malware_18.cmd,executable,7.992667832113484,0.9924379486440349,0.7120594033637387,False,False,True,False,False,False,False,1
.cmd,3,hack_tool_19.cmd,executable,6.3990849018582905,0.9040684727293874,0.5803012308855847,True,False,False,False,False,False,False,1
.com,142,free_cheats_0.com,executable,7.680904812553867,0.7522580009734761,0.49141026235280494,True,False,False,True,False,False,False,1
.com,1798,keygen_crack_1.com,executable,7.485413042399962,0.8276480003344225,0.5267832657800436,True,True,False,False,False,False,False,1
.com,565,hack_tool_2.com,executable,6.742077525969205,0.9962948691208173,0.6983503421650923,True,False,False,False,False,False,False,1
.com,201,keygen_crack_3.com,executable,7.734062992244898,0.873602622571718,0.39760626995527953,True,True,False,False,False,False,False,1
.com,469,keygen_crack_4.com,executable,7.450515320830273,0.8460006824274109,0.48257736415217645,True,True,False,False,False,False,False,1
.com,627,keygen_crack_5.com,executable,7.585912189211263,0.8965028016496326,0.35621974065341727,True,True,False,False,False,False,False,1
.com,804,virus_trojan_6.com,executable,6.56770905721729,0.8077453088998694,0.7564908814064131,False,False,True,False,False,False,False,1
.com,1716,malware_7.com,executable,6.931625614040497,0.9507994191343628,0.4808996420550946,False,False,True,False,False,False,False,1
.com,1810,virus_trojan_8.com,executable,7.552000414070859,0.821593054925723,0.39066267918884373,False,False,True,False,False,False,False,1
.com,527,keygen_crack_9.com,executable,6.475086649847755,0.9914185282124919,0.16812851622532352,True,True,False,False,False,False,False,1
.com,424,malware_10.com,executable,7.708770186739159,0.8476833569344104,0.4342888680012084,False,False,True,False,False,False,False,1
.com,367,hack_tool_11.com,executable,6.810041598160643,0.8778755199495345,0.511851621833079,True,False,False,False,False,False,False,1
.com,280,free_cheats_12.com,executable,7.32524255801664,0.7285784523863879,0.2530808169295703,True,False,False,True,False,False,False,1
.com,1218,virus_trojan_13.com,executable,6.624296113392894,0.8197137838411332,0.5778674386880355,False,False,True,False,False,False,False,1
.com,1236,malware_14.com,executable,6.018060808259101,0.8765237900021816,0.502407803658509,False,False,True,False,False,False,False,1
.com,509,hack_tool_15.com,executable,7.93964209015709,0.8361368624150918,0.587149761923914,True,False,False,False,False,False,False,1
.com,1468,keygen_crack_16.com,executable,6.146993494660025,0.7509273715262622,0.4730328880165562,True,True,False,False,False,False,False,1
.com,1678,keygen_crack_17.com,executable,7.3387808029187225,0.7437269704734255,0.5055452768409298,True,True,False,False,False,False,False,1
.com,182,hack_tool_18.com,executable,7.175768742220773,0.9845750064554302,0.6908838442549784,True,False,False,False,False,False,False,1
.com,362,hack_tool_19.com,executable,6.758717179844847,0.8816614472934649,0.5364797893158803,True,False,False,False,False,False,False,1
.pif,2834,malware_0.pif,other,7.067023850599391,0.9345370989535088,0.5665909003327038,False,False,True,False,False,False,False,1
.pif,1755,hack_tool_1.pif,other,6.892737293025171,0.9592648533022506,0.7356216624960604,True,False,False,False,False,False,False,1
.pif,2025,hack_tool_2.pif,other,7.079811679004425,0.7102563297817475,0.5355723539948524,True,False,False,False,False,False,False,1
.pif,2481,keygen_crack_3.pif,other,6.245941617059254,0.7693392737282939,0.42376231973311024,True,True,False,False,False,False,False,1
.pif,381,malware_4.pif,other,7.280005933673827,0.7674103530918039,0.9097830949490101,False,False,True,False,False,False,False,1
.pif,2632,malware_5.pif,other,6.177111168446483,0.7309926871372047,0.24756854654299318,False,False,True,False,False,False,False,1
.pif,1329,hack_tool_6.pif,other,6.296686401924178,0.9959890368876541,0.37349596514906896,True,False,False,False,False,False,False,1
.pif,1339,virus_trojan_7.pif,other,6.009879961868819,0.9855435356269717,0.3204591379392554,False,False,True,False,False,False,False,1
.pif,3968,free_cheats_8.pif,other,7.160224459390936,0.7762673739692479,0.5300554235850167,True,False,False,True,False,False,False,1
.pif,3349,hack_tool_9.pif,other,7.064489977652598,0.7377224535419946,0.2896725185506513,True,False,False,False,False,False,False,1
.pif,4503,keygen_crack_10.pif,other,6.4037069042458965,0.9020297299974752,0.4769026242123287,True,True,False,False,False,False,False,1
.pif,2133,malware_11.pif,other,6.187801431578837,0.9017806354675378,0.5387326929282782,False,False,True,False,False,False,False,1
.pif,4712,keygen_crack_12.pif,other,7.3232647007422935,0.9935893862201591,0.20680581805409645,True,True,False,False,False,False,False,1
.pif,2574,keygen_crack_13.pif,other,6.035031981724124,0.7732441871267123,0.5562077184173209,True,True,False,False,False,False,False,1
.pif,3819,free_cheats_14.pif,other,6.060774119393674,0.9792846086520933,0.16836800641884805,True,False,False,True,False,False,False,1
.pif,3172,virus_trojan_15.pif,other,7.88175071267613,0.9480516651135632,0.5241104311527459,False,False,True,False,False,False,False,1
.pif,1427,malware_16.pif,other,7.154370473423496,0.8045721001725912,0.5606849577149341,False,False,True,False,False,False,False,1
.pif,4133,keygen_crack_17.pif,other,7.209907845381082,0.7954334660854359,0.6662546384843145,True,True,False,False,False,False,False,1
.pif,3332,free_cheats_18.pif,other,7.9866738747172565,0.9257283287846718,0.7208215398600983,True,False,False,True,False,False,False,1
.pif,3928,malware_19.pif,other,6.577371191061276,0.7327328895297249,0.6668117999429909,False,False,True,False,False,False,False,1
.reg,2,malware_0.reg,other,7.5303817291115696,0.9777024492642135,0.19851935155961678,False,False,True,False,False,False,False,1
.reg,19,keygen_crack_1.reg,other,7.524570269553232,0.9393440946575904,0.29069239727050067,True,True,False,False,False,False,False,1
.reg,19,malware_2.reg,other,7.635668432350043,0.7360627166111825,0.40289474788703195,False,False,True,False,False,False,False,1
.reg,7,free_cheats_3.reg,other,6.656762455770162,0.8890626244987432,0.5545162269660545,True,False,False,True,False,False,False,1
.reg,7,malware_4.reg,other,6.760839408465595,0.864549916495443,0.25577355100808397,False,False,True,False,False,False,False,1
.reg,1,free_cheats_5.reg,other,7.091373776990947,0.8333258358253605,0.18061666410041635,True,False,False,True,False,False,False,1
.reg,6,keygen_crack_6.reg,other,7.174123415402302,0.7505333155428159,0.13537138639207016,True,True,False,False,False,False,False,1
.reg,14,keygen_crack_7.reg,other,7.518688655845732,0.8501335927392224,0.5948776059406135,True,True,False,False,False,False,False,1
.reg,8,keygen_crack_8.reg,other,6.958363755259462,0.7076926197419307,0.5064464210302436,True,True,False,False,False,False,False,1
.reg,12,malware_9.reg,other,6.797645561793801,0.8740517107681997,0.22970959400194782,False,False,True,False,False,False,False,1
.reg,12,hack_tool_10.reg,other,7.215810185586889,0.9294649784626385,0.7823860983740915,True,False,False,False,False,False,False,1
.reg,6,keygen_crack_11.reg,other,7.430981814198549,0.8563702397456003,0.45879459995839483,True,True,False,False,False,False,False,1
.reg,11,malware_12.reg,other,7.796061097899974,0.7730446889728897,0.6022896042030594,False,False,True,False,False,False,False,1
.reg,11,virus_trojan_13.reg,other,6.1205347805791215,0.9803308080416543,0.4412636388382403,False,False,True,False,False,False,False,1
.reg,19,keygen_crack_14.reg,other,6.332663215486284,0.8852055272238922,0.4247120761330801,True,True,False,False,False,False,False,1
.reg,14,virus_trojan_15.reg,other,7.859211754843979,0.8596780640017121,0.7298783827968451,False,False,True,False,False,False,False,1
.reg,8,keygen_crack_16.reg,other,7.220667566621836,0.9148452022669581,0.5050141263232834,True,True,False,False,False,False,False,1
.reg,17,malware_17.reg,other,6.827098203050703,0.7365658280010843,0.5926646433472886,False,False,True,False,False,False,False,1
.reg,11,hack_tool_18.reg,other,6.362876695391254,0.857549015100118,0.5843661014994602,True,False,False,False,False,False,False,1
.reg,7,free_cheats_19.reg,other,7.1346244392578075,0.7769688351104092,0.5154037302464117,True,False,False,True,False,False,False,1
.js,36,hack_tool_0.js,script,6.967091293439849,0.9417977649325474,0.3450278648673398,True,False,False,False,False,False,False,1
.js,129,hack_tool_1.js,script,6.086825065709638,0.8899454126782067,0.21637980107970012,True,False,False,False,False,False,False,1
.js,123,malware_2.js,script,7.203223640292663,0.9457566578280371,0.13364080568572875,False,False,True,False,False,False,False,1
.js,137,keygen_crack_3.js,script,6.424089679816453,0.8832942966552975,0.32994763999579185,True,True,False,False,False,False,False,1
.js,122,free_cheats_4.js,script,7.67972260573344,0.9700069370194033,0.5452130874320881,True,False,False,True,False,False,False,1
.js,49,keygen_crack_5.js,script,6.511289995618545,0.7906181505504385,0.5253780988273874,True,True,False,False,False,False,False,1
.js,152,virus_trojan_6.js,script,7.702348521705542,0.9014274008591843,0.3114782136919688,False,False,True,False,False,False,False,1
.js,89,keygen_crack_7.js,script,7.5333122704008115,0.7449111903870873,0.4338777567001724,True,True,False,False,False,False,False,1
.js,183,keygen_crack_8.js,script,6.305967601657125,0.7705706754405954,0.5371344617640539,True,True,False,False,False,False,False,1
.js,108,keygen_crack_9.js,script,6.945783931266364,0.8606074305527982,0.6815423565368081,True,True,False,False,False,False,False,1
.js,150,malware_10.js,script,7.2839430008865325,0.8821282108266342,0.48456098984612067,False,False,True,False,False,False,False,1
.js,160,virus_trojan_11.js,script,6.463894192231951,0.8172717987716543,0.34755958876040144,False,False,True,False,False,False,False,1
.js,185,free_cheats_12.js,script,7.975571040429775,0.7409319257670199,0.5003230728098851,True,False,False,True,False,False,False,1
.js,85,keygen_crack_13.js,script,6.808637536208584,0.8284598844776844,0.5519226525553664,True,True,False,False,False,False,False,1
.js,167,free_cheats_14.js,script,7.3848723026487395,0.9973767981106565,0.44268331604265,True,False,False,True,False,False,False,1
.js,188,virus_trojan_15.js,script,7.206438820426745,0.801168139826626,0.5906917849033165,False,False,True,False,False,False,False,1
.js,32,malware_16.js,script,6.158838737977973,0.7256974748789291,0.47037534797130603,False,False,True,False,False,False,False,1
.js,97,hack_tool_17.js,script,6.383734649437486,0.7970114686346562,0.3173983049224426,True,False,False,False,False,False,False,1
.js,123,free_cheats_18.js,script,7.234311566791294,0.8327229809442008,0.5301271905824364,True,False,False,True,False,False,False,1
.js,60,keygen_crack_19.js,script,7.339205232267924,0.7209794817128302,0.5351291972383975,True,True,False,False,False,False,False,1
.jar,4355,malware_0.jar,other,6.54229487300037,0.8778435974960268,0.6184183209614357,False,False,True,False,False,False,False,1
.jar,8358,hack_tool_1.jar,other,6.648667506230751,0.7999005739174594,0.4127047753842121,True,False,False,False,False,False,False,1
.jar,5349,hack_tool_2.jar,other,7.323678379698757,0.8673350252110075,0.44233842228488124,True,False,False,False,False,False,False,1
.jar,9786,hack_tool_3.jar,other,6.12028468520157,0.8686890447633729,0.6587770604205122,True,False,False,False,False,False,False,1
.jar,3474,free_cheats_4.jar,other,6.340955876347835,0.8228433559015611,0.5496106218377449,True,False,False,True,False,False,False,1
.jar,6913,free_cheats_5.jar,other,7.643612887802174,0.7003710039278228,0.7185924032312866,True,False,False,True,False,False,False,1
.jar,3819,hack_tool_6.jar,other,6.949773087012437,0.8147578840732025,0.3094866260872925,True,False,False,False,False,False,False,1
.jar,7546,hack_tool_7.jar,other,7.948329257256031,0.7060079067777473,0.6515828986057913,True,False,False,False,False,False,False,1
.jar,6199,hack_tool_8.jar,other,6.487313432127733,0.9014675330839111,0.6443113317057164,True,False,False,False,False,False,False,1
.jar,4137,keygen_crack_9.jar,other,7.57580397658453,0.9594058576100621,0.23885964486980785,True,True,False,False,False,False,False,1
.jar,1112,hack_tool_10.jar,other,7.564056175340772,0.9126234093228929,0.5369852096547931,True,False,False,False,False,False,False,1
.jar,3825,hack_tool_11.jar,other,6.606256711890657,0.7789337709732528,0.5179852464807343,True,False,False,False,False,False,False,1
.jar,9893,free_cheats_12.jar,other,6.175285493527677,0.9810873469093189,0.7934154425938761,True,False,False,True,False,False,False,1
.jar,2596,virus_trojan_13.jar,other,7.650572216465793,0.7839110615414437,0.6530486964844616,False,False,True,False,False,False,False,1
.jar,1789,hack_tool_14.jar,other,7.746673323447696,0.7485292634056329,0.6064761108854625,True,False,False,False,False,False,False,1
.jar,8697,virus_trojan_15.jar,other,7.149174764635533,0.8699726086514256,0.30645871983831774,False,False,True,False,False,False,False,1
.jar,8535,keygen_crack_16.jar,other,7.00230599836402,0.8191536332287632,0.7321533802678751,True,True,False,False,False,False,False,1
.jar,8885,malware_17.jar,other,6.76124658695316,0.9633922961335208,0.3169320871609702,False,False,True,False,False,False,False,1
.jar,7729,virus_trojan_18.jar,other,7.580060872614123,0.7914037417294122,0.44586253433337414,False,False,True,False,False,False,False,1
.jar,8364,malware_19.jar,other,6.04578764995224,0.7461373449004093,0.3847717327539683,False,False,True,False,False,False,False,1
.msi,8373,hack_tool_0.msi,executable,7.146082857861699,0.9798192221428764,0.45125063956590883,True,False,False,False,False,False,False,1
.msi,9984,malware_1.msi,executable,7.724028964545245,0.9768271571540184,0.3875261626216966,False,False,True,False,False,False,False,1
.msi,6901,free_cheats_2.msi,executable,7.212505875501955,0.9294429402708986,0.5858571868483761,True,False,False,True,False,False,False,1
.msi,15716,hack_tool_3.msi,executable,7.005132152926885,0.8195989083316939,0.1524068546816958,True,False,False,False,False,False,False,1
.msi,6772,malware_4.msi,executable,6.24352382225055,0.8434702069144216,0.40890525649971615,False,False,True,False,False,False,False,1
.msi,18347,free_cheats_5.msi,executable,6.46510271673076,0.7239896183077905,0.47730070226514965,True,False,False,True,False,False,False,1
.msi,24563,hack_tool_6.msi,executable,6.623632266170519,0.8518425588520733,0.36693066764123183,True,False,False,False,False,False,False,1
.msi,36262,malware_7.msi,executable,6.035375619226515,0.8807659491528594,0.5641180291493987,False,False,True,False,False,False,False,1
.msi,28286,virus_trojan_8.msi,executable,6.7729216823182945,0.8693323272036647,0.6835377808288093,False,False,True,False,False,False,False,1
.msi,43913,keygen_crack_9.msi,executable,6.423510701330956,0.8453804761056594,0.7366545360080013,True,True,False,False,False,False,False,1
.msi,47332,free_cheats_10.msi,executable,6.860674355017842,0.7511994275649995,0.2390479118617583,True,False,False,True,False,False,False,1
.msi,6448,hack_tool_11.msi,executable,6.606550295135191,0.730313743303194,0.5824852540984884,True,False,False,False,False,False,False,1
.msi,32823,hack_tool_12.msi,executable,7.236103348574372,0.8899568878040391,0.7203911527426913,True,False,False,False,False,False,False,1
.msi,24312,malware_13.msi,executable,7.2304388764620215,0.7918760862359835,0.38662489053692456,False,False,True,False,False,False,False,1
.msi,42779,hack_tool_14.msi,executable,7.054082927823304,0.8278250151671114,0.5767084277357816,True,False,False,False,False,False,False,1
.msi,16422,malware_15.msi,executable,7.773208430480933,0.8349353946463968,0.3452020874570442,False,False,True,False,False,False,False,1
.msi,15818,virus_trojan_16.msi,executable,6.828259505057854,0.9482613686700623,0.5259829289767342,False,False,True,False,False,False,False,1
.msi,10956,malware_17.msi,executable,7.538609787282679,0.7033093793285942,0.34115064613558865,False,False,True,False,False,False,False,1
.msi,5481,virus_trojan_18.msi,executable,6.837161243247871,0.9371013207580444,0.6868452205640027,False,False,True,False,False,False,False,1
.msi,44668,keygen_crack_19.msi,executable,7.361949654476489,0.7569084544524032,0.46694406593961507,True,True,False,False,False,False,False,1
.dll,950,free_cheats_0.dll,executable,6.647000789822948,0.9502910097864302,0.5795764908528195,True,False,False,True,False,False,False,1
.dll,2435,malware_1.dll,executable,7.919153288642066,0.8463562131779088,0.352082202436028,False,False,True,False,False,False,False,1
.dll,3092,free_cheats_2.dll,executable,7.095918977947386,0.8363132003679883,0.6832578611511669,True,False,False,True,False,False,False,1
.dll,2405,malware_3.dll,executable,6.976482274043557,0.7450145994081953,0.45423806786944376,False,False,True,False,False,False,False,1
.dll,4769,hack_tool_4.dll,executable,7.303421295821937,0.9432057783958798,0.2130492529297848,True,False,False,False,False,False,False,1
.dll,3854,hack_tool_5.dll,executable,7.719130463293892,0.8177181164585423,0.5639895661301385,True,False,False,False,False,False,False,1
.dll,2494,free_cheats_6.dll,executable,7.910669373007856,0.9360710158765886,0.3681290492089921,True,False,False,True,False,False,False,1
.dll,442,free_cheats_7.dll,executable,7.376269412173084,0.8312809372166176,0.7231313216653427,True,False,False,True,False,False,False,1
.dll,1170,keygen_crack_8.dll,executable,7.860637769675647,0.7759175298402353,0.7153817124997136,True,True,False,False,False,False,False,1
.dll,2329,malware_9.dll,executable,7.650264391857408,0.8486356310382945,0.3004555586214322,False,False,True,False,False,False,False,1
.dll,825,virus_trojan_10.dll,executable,6.9002488648395195,0.7680894083096093,0.40725340141270094,False,False,True,False,False,False,False,1
.dll,3976,malware_11.dll,executable,6.300338001634083,0.9212301306164457,0.28535329798037773,False,False,True,False,False,False,False,1
.dll,2198,malware_12.dll,executable,6.07604369647491,0.9238621772445516,0.5112042875286255,False,False,True,False,False,False,False,1
.dll,3506,malware_13.dll,executable,7.604261116255175,0.7316102601858417,0.6189787169809302,False,False,True,False,False,False,False,1
.dll,3138,malware_14.dll,executable,7.017158578895157,0.8162785694448308,0.1371912077305882,False,False,True,False,False,False,False,1
.dll,2000,hack_tool_15.dll,executable,6.6994064594916996,0.9323960593543545,0.36031536739986053,True,False,False,False,False,False,False,1
.dll,2596,hack_tool_16.dll,executable,6.709682720513781,0.8236392790788315,0.7193360770828953,True,False,False,False,False,False,False,1
.dll,822,keygen_crack_17.dll,executable,6.041889922061825,0.7246515002429281,0.33442362514006074,True,True,False,False,False,False,False,1
.dll,3341,free_cheats_18.dll,executable,6.59088955495484,0.9307669443514401,0.6220976089358655,True,False,False,True,False,False,False,1
.dll,2426,keygen_crack_19.dll,executable,7.334700796092857,0.7031283098192209,0.4459029241407611,True,True,False,False,False,False,False,1
.sys,1927,hack_tool_0.sys,executable,7.549267561275576,0.8931712760623391,0.7996677459983083,True,False,False,False,False,False,False,1
.sys,8669,keygen_crack_1.sys,executable,6.644431006889256,0.7375700711298481,0.5313657693482695,True,True,False,False,False,False,False,1
.sys,6078,keygen_crack_2.sys,executable,7.203763179272644,0.874726797462174,0.5781634030038826,True,True,False,False,False,False,False,1
.sys,4083,hack_tool_3.sys,executable,6.313276873947617,0.7131206877639908,0.6298600924841828,True,False,False,False,False,False,False,1
.sys,9227,keygen_crack_4.sys,executable,6.449231223687704,0.811650107151254,0.5553549631961657,True,True,False,False,False,False,False,1
.sys,6046,hack_tool_5.sys,executable,6.777305597259694,0.7491051404395904,0.5519079926083181,True,False,False,False,False,False,False,1
.sys,2561,hack_tool_6.sys,executable,6.243002752601836,0.7592411469579812,0.6391164460341908,True,False,False,False,False,False,False,1
.sys,785,free_cheats_7.sys,executable,7.2916216253104125,0.785772036771748,0.49653351764649206,True,False,False,True,False,False,False,1
.sys,9859,free_cheats_8.sys,executable,6.516863240583636,0.8632049737548255,0.6416359292452324,True,False,False,True,False,False,False,1
.sys,2296,malware_9.sys,executable,6.4421267429074565,0.9935191836401788,0.6977729580267322,False,False,True,False,False,False,False,1
.sys,401,hack_tool_10.sys,executable,6.1077164139960525,0.796017949756295,0.24456630320763953,True,False,False,False,False,False,False,1
.sys,8953,virus_trojan_11.sys,executable,6.53866259660405,0.8618668661486515,0.9452214373571874,False,False,True,False,False,False,False,1
.sys,3637,keygen_crack_12.sys,executable,6.263457546909124,0.9177939729955886,0.35749382512240113,True,True,False,False,False,False,False,1
.sys,8574,keygen_crack_13.sys,executable,6.427022732621344,0.8517558078855487,0.36444631937622657,True,True,False,False,False,False,False,1
.sys,4283,hack_tool_14.sys,executable,7.465603089532501,0.8626711616475544,0.6004124667134005,True,False,False,False,False,False,False,1
.sys,1824,free_cheats_15.sys,executable,7.01672109383256,0.7892645353956461,0.6969105117450413,True,False,False,True,False,False,False,1
.sys,2166,malware_16.sys,executable,6.187513841291113,0.873151834986265,0.6416451946533952,False,False,True,False,False,False,False,1
.sys,9596,malware_17.sys,executable,6.3201432699091455,0.838467242325937,0.49463769845719535,False,False,True,False,False,False,False,1
.sys,3827,free_cheats_18.sys,executable,7.48342412302586,0.9644352339025064,0.3270065220300944,True,False,False,True,False,False,False,1
.sys,6119,virus_trojan_19.sys,executable,6.8029886317225765,0.9400212906097478,0.404251258940403,False,False,True,False,False,False,False,1
.exe,9,small_suspicious_0.exe,executable,5.6652548479068585,0.7199213888089024,0.5647370879370005,False,False,False,False,False,False,False,1
.exe,7,small_suspicious_1.exe,executable,5.844934721023397,0.7063652329639746,0.4866482917750239,False,False,False,False,False,False,False,1
.exe,9,small_suspicious_2.exe,executable,5.66267954239605,0.5015688840628738,0.34736829976275474,False,False,False,False,False,False,False,1
.exe,6,small_suspicious_3.exe,executable,6.4980414080411295,0.5033094842787398,0.3917081833925225,False,False,False,False,False,False,False,1
.exe,9,small_suspicious_4.exe,executable,6.87422044035814,0.6103822253906254,0.8001589698970855,False,False,False,False,False,False,False,1
.exe,3,small_suspicious_5.exe,executable,6.5259111144901265,0.6410957162305357,0.170221945597991,False,False,False,False,False,False,False,1
.exe,3,small_suspicious_6.exe,executable,6.989003012881742,0.6104928591520545,0.4141019752441979,False,False,False,False,False,False,False,1
.exe,4,small_suspicious_7.exe,executable,6.166212814608211,0.7658587341395224,0.9134298269190358,False,False,False,False,False,False,False,1
.exe,3,small_suspicious_8.exe,executable,4.413468697477706,0.6989126013501477,0.8428942554869022,False,False,False,False,False,False,False,1
.exe,6,small_suspicious_9.exe,executable,6.086854439490421,0.5009654790812836,0.4574464848714011,False,False,False,False,False,False,False,1
.bat,6,small_suspicious_0.bat,executable,4.500655353564612,0.5543957839776515,0.6541385587628347,False,False,False,False,False,False,False,1
.bat,4,small_suspicious_1.bat,executable,5.2069813740596675,0.7622787411830714,0.27095555329824433,False,False,False,False,False,False,False,1
.bat,3,small_suspicious_2.bat,executable,4.194560783448905,0.6739951362284394,0.24577659860485737,False,False,False,False,False,False,False,1
.bat,7,small_suspicious_3.bat,executable,6.10883032293603,0.5158411881405585,0.4111745300498661,False,False,False,False,False,False,False,1
.bat,8,small_suspicious_4.bat,executable,6.029403811679087,0.741496699904231,0.47101355793169697,False,False,False,False,False,False,False,1
.bat,3,small_suspicious_5.bat,executable,5.494767046790361,0.5231174837402993,0.6592176716513829,False,False,False,False,False,False,False,1
.bat,6,small_suspicious_6.bat,executable,6.086246944984159,0.7237775626441024,0.7083957625053862,False,False,False,False,False,False,False,1
.bat,6,small_suspicious_7.bat,executable,4.629525984569228,0.7475392002998346,0.5807775569219437,False,False,False,False,False,False,False,1
.bat,3,small_suspicious_8.bat,executable,5.320596993866472,0.5442357580118852,0.7453737823462726,False,False,False,False,False,False,False,1
.bat,7,small_suspicious_9.bat,executable,6.206516819462613,0.5707572797431062,0.24496266238070072,False,False,False,False,False,False,False,1
.vbs,4,small_suspicious_0.vbs,script,4.187626680692105,0.7404100747458557,0.38283484391299405,False,False,False,False,False,False,False,1
.vbs,9,small_suspicious_1.vbs,script,6.799339994030673,0.6927695598605574,0.6727362406947929,False,False,False,False,False,False,False,1
.vbs,1,small_suspicious_2.vbs,script,5.91265979341069,0.6488499152339658,0.40840202769606,False,False,False,False,False,False,False,1
.vbs,6,small_suspicious_3.vbs,script,6.973379295463911,0.7241658763226113,0.5762140710605806,False,False,False,False,False,False,False,1
.vbs,7,small_suspicious_4.vbs,script,5.71561681368156,0.6763308082586594,0.758887215175826,False,False,False,False,False,False,False,1
.vbs,9,small_suspicious_5.vbs,script,5.696649894764321,0.7938940145101651,0.41108408182912776,False,False,False,False,False,False,False,1
.vbs,3,small_suspicious_6.vbs,script,4.078590125596194,0.5072575291674066,0.21800173351272756,False,False,False,False,False,False,False,1
.vbs,6,small_suspicious_7.vbs,script,4.819212429918437,0.6554236298716447,0.6294500667812001,False,False,False,False,False,False,False,1
.vbs,3,small_suspicious_8.vbs,script,6.822037735346021,0.5777890276597322,0.3725154084847913,False,False,False,False,False,False,False,1
.vbs,3,small_suspicious_9.vbs,script,5.130742494209116,0.6385198440837146,0.7507091774458607,False,False,False,False,False,False,False,1
.ps1,4,small_suspicious_0.ps1,script,6.407929929387131,0.6374560660213678,0.33509699060976134,False,False,False,False,False,False,False,1
.ps1,5,small_suspicious_1.ps1,script,6.118057022992074,0.6893511937870119,0.16270415143250697,False,False,False,False,False,False,False,1
.ps1,7,small_suspicious_2.ps1,script,6.711739990781124,0.7728170576025188,0.3076697340480354,False,False,False,False,False,False,False,1
.ps1,8,small_suspicious_3.ps1,script,6.188524685957191,0.7296538696973329,0.21919409982714053,False,False,False,False,False,False,False,1
.ps1,6,small_suspicious_4.ps1,script,4.675671106805469,0.539404822443472,0.7249302008651556,False,False,False,False,False,False,False,1
.ps1,9,small_suspicious_5.ps1,script,6.254125258087138,0.6970865468801419,0.6789048013930487,False,False,False,False,False,False,False,1
.ps1,4,small_suspicious_6.ps1,script,4.040207879296497,0.5848237068736286,0.8113312509056438,False,False,False,False,False,False,False,1
.ps1,6,small_suspicious_7.ps1,script,4.785117051207718,0.5740936397216,0.49436151507286114,False,False,False,False,False,False,False,1
.ps1,8,small_suspicious_8.ps1,script,6.924503958343336,0.6113621281669995,0.3900706229057403,False,False,False,False,False,False,False,1
.ps1,9,small_suspicious_9.ps1,script,6.330131670865544,0.5196098472693156,0.7605293940150761,False,False,False,False,False,False,False,1
.pdf,40508,large_safe_0.pdf,document,4.559268870210952,0.11395017593201966,0.1945324688208664,False,False,False,False,False,False,False,0
.pdf,28681,large_safe_1.pdf,document,3.68597854240042,0.2037761342505083,0.8054962214473874,False,False,False,False,False,False,False,0
.pdf,27073,large_safe_2.pdf,document,3.2332868078021195,0.20420299787765284,0.26561635820637003,False,False,False,False,False,False,False,0
.pdf,41358,large_safe_3.pdf,document,2.710352927934156,0.319734619551427,0.6831207887808858,False,False,False,False,False,False,False,0
.pdf,11171,large_safe_4.pdf,document,2.3839646256007594,0.36464068428461804,0.5723375375300753,False,False,False,False,False,False,False,0
.pdf,21929,large_safe_5.pdf,document,3.2563799572224843,0.17804733728861538,0.39464874561641333,False,False,False,False,False,False,False,0
.pdf,15432,large_safe_6.pdf,document,3.483443393885279,0.39386525211452716,0.35731233789908634,False,False,False,False,False,False,False,0
.pdf,38228,large_safe_7.pdf,document,3.9625238044222235,0.15942928982792204,0.16013125634735412,False,False,False,False,False,False,False,0
.pdf,41703,large_safe_8.pdf,document,3.014789315997045,0.1926096230119586,0.6261368962591563,False,False,False,False,False,False,False,0
.pdf,39055,large_safe_9.pdf,document,4.902068533364826,0.15490463327041815,0.7202865237130339,False,False,False,False,False,False,False,0
.mp4,16304,large_safe_0.mp4,media,2.453740486204804,0.16759507898537054,0.304972785254895,False,False,False,False,False,False,False,0
.mp4,33017,large_safe_1.mp4,media,2.2665207352626933,0.3051262316731128,0.5183932292350899,False,False,False,False,False,False,False,0
.mp4,12336,large_safe_2.mp4,media,3.5701727341230995,0.13443066156076525,0.7487627425020601,False,False,False,False,False,False,False,0
.mp4,17521,large_safe_3.mp4,media,3.2119336289796445,0.2627637410186269,0.6879633080084755,False,False,False,False,False,False,False,0
.mp4,31008,large_safe_4.mp4,media,3.8387004825858475,0.16784411547698225,0.6202526918463551,False,False,False,False,False,False,False,0
.mp4,13648,large_safe_5.mp4,media,3.2858916409114274,0.1422878882565308,0.4561374502971574,False,False,False,False,False,False,False,0
.mp4,24357,large_safe_6.mp4,media,4.549926114441986,0.30070670119873255,0.3803062296043325,False,False,False,False,False,False,False,0
.mp4,10097,large_safe_7.mp4,media,4.585960725212817,0.23804867934653193,0.68010697081217,False,False,False,False,False,False,False,0
.mp4,13750,large_safe_8.mp4,media,3.6362956082207165,0.11868193176456569,0.494328573518888,False,False,False,False,False,False,False,0
.mp4,34487,large_safe_9.mp4,media,2.3358077810645907,0.20679201213845583,0.7267394300889455,False,False,False,False,False,False,False,0
.doc,26994,large_safe_0.doc,document,2.155869732662805,0.33588345981520995,0.4570961316196212,False,False,False,False,False,False,False,0
.doc,47823,large_safe_1.doc,document,3.019332414685655,0.361640710006743,0.5408619019442941,False,False,False,False,False,False,False,0
.doc,19369,large_safe_2.doc,document,2.9906451946144927,0.3270254517065906,0.24661834356161805,False,False,False,False,False,False,False,0
.doc,40933,large_safe_3.doc,document,2.0538370357054756,0.13787613483778405,0.7899339816058322,False,False,False,False,False,False,False,0
.doc,40798,large_safe_4.doc,document,4.638745564854588,0.36117352751380216,0.44107248278225586,False,False,False,False,False,False,False,0
.doc,37624,large_safe_5.doc,document,3.6805467751247356,0.32521885209980417,0.3407101607617871,False,False,False,False,False,False,False,0
.doc,39118,large_safe_6.doc,document,3.6575408443481754,0.1282455730377094,0.34289882118814297,False,False,False,False,False,False,False,0
.doc,30354,large_safe_7.doc,document,4.7276606175846805,0.2616105393858143,0.7978227537159374,False,False,False,False,False,False,False,0
.doc,28658,large_safe_8.doc,document,2.316421099869892,0.29703403141728824,0.5653320930266433,False,False,False,False,False,False,False,0
.doc,33128,large_safe_9.doc,document,3.1921441714559498,0.12802239159258869,0.5654956869838529,False,False,False,False,False,False,False,0
